Season,Name,Invention_1,Mystery_1,Immunity_1,Elimination_1,Invention_2,Mystery_2,Immunity_2,Elimination_2,Invention_3,Mystery_3,Immunity_3,Elimination_3,Invention_4,Mystery_4,Immunity_4,Elimination_4,Invention_5,Mystery_5,Immunity_5,Elimination_5,Invention_6,Mystery_6,Immunity_6,Elimination_6,Invention_7,Mystery_7,Immunity_7,Elimination_7,Invention_8,Mystery_8,Immunity_8,Elimination_8,Invention_9,Mystery_9,Immunity_9,Elimination_9,Invention_10,Mystery_10,Immunity_10,Elimination_10,Invention_11,Mystery_11,Immunity_11,Elimination_11,Invention_12,Mystery_12,Immunity_12,Elimination_12,Invention_13,Mystery_13,Immunity_13,Elimination_13,Invention_14,Mystery_14,Immunity_14,Elimination_14,Invention_15,Mystery_15,Immunity_15,Elimination_15,Invention_16,Mystery_16,Immunity_16,Elimination_16,Invention_17,Mystery_17,Immunity_17,Elimination_17,Label
1,Julie,IN,None,None,Team Win,Btm,IN,None,Team Win,IN,IN,None,Team Lose,IN,IN,None,Team Win,Btm,Win,None,Team Win,Btm,IN,None,Team Win,IN,IN,None,Win,None,None,None,Btm,Btm,IN,None,Top,Win,IN,None,Top,Btm,IN,None,Btm,None,None,None,Btm,None,None,None,IN,None,None,None,Btm,None,None,None,Win,None,None,None,None,None,None,None,None,Winner
1,Poh,IN,None,None,Team Lose,IN,IN,None,Team Win,IN,Win,None,Team Lose,IN,IN,None,Team Win,IN,IN,None,Team Lose,Btm,IN,None,Team Lose,Btm,Win,None,Btm,None,None,None,Elim,Elim,IN,None,Top,Btm,Win,None,Top,Btm,IN,None,Win,None,None,None,Win,None,None,None,Btm,None,None,None,Win,None,None,None,Lose,None,None,None,None,None,None,None,None,Runner-Up
1,Chris,IN,None,None,Team Win,IN,Win,None,Team Win,IN,IN,None,Team Lose,Win,IN,None,Team Win,IN,IN,None,Team Win,Btm,Win,None,Team Win,IN,IN,None,Win,None,None,None,Immune,IN,IN,None,Btm,Btm,IN,None,Btm,Win,IN,None,IN,None,None,None,Btm,None,None,None,Win,None,None,None,Btm,Elim,Elim,Elim,Elim,None,None,None,None,None,None,None,None,Top 5
1,Justine,IN,None,None,Team Win,IN,IN,None,Team Win,IN,IN,None,Team Win,IN,IN,None,Team Win,Win,IN,None,Team Win,Win,IN,None,Team Win,Win,IN,None,Win,None,None,None,Btm,Elim,IN,None,Win,Win,IN,None,Win,IN,IN,None,IN,None,None,None,IN,None,None,None,Btm,Elim,Elim,Elim,Elim,Elim,Elim,Elim,Elim,None,None,None,None,None,None,None,None,Top 5
1,Julia,IN,None,None,Team Lose,IN,IN,None,Team Lose,Win,IN,None,Immune,Immune,Immune,None,Immune,Immune,Immune,None,Immune,Immune,Immune,None,Immune,Immune,Immune,None,Immune,None,None,None,Immune,Immune,Immune,None,Immune,Immune,Immune,None,Immune,IN,Win,None,Btm,None,None,None,Btm,Elim,Elim,Elim,Elim,Elim,Elim,Elim,Elim,Elim,Elim,Elim,Elim,None,None,None,None,None,None,None,None,Top 5
1,Lucas,IN,None,None,Team Lose,IN,IN,None,Team Lose,IN,IN,None,Team Win,IN,IN,None,Team Lose,IN,IN,None,Team Win,Win,Immune,None,Immune,Immune,Immune,None,Immune,None,None,None,Immune,Immune,Immune,None,Immune,Immune,Immune,None,Immune,Btm,IN,None,Btm,Elim,Elim,Elim,Elim,Elim,Elim,Elim,Elim,Elim,Elim,Elim,Elim,Elim,Elim,Elim,Elim,None,None,None,None,None,None,None,None,Elim
1,Andre,IN,None,None,Team Win,IN,IN,None,Team Win,IN,IN,None,Team Lose,IN,IN,None,Team Win,IN,IN,None,Team Lose,IN,IN,None,Btm,Btm,IN,None,Win,None,None,None,Win,Win,Win,None,IN,Btm,IN,None,Btm,Elim,Elim,Elim,Elim,Elim,Elim,Elim,Elim,Elim,Elim,Elim,Elim,Elim,Elim,Elim,Elim,Elim,Elim,Elim,Elim,None,None,None,None,None,None,None,None,Elim
1,Sam,Win,None,None,Team Lose,IN,IN,None,Team Lose,Btm,IN,None,Team Win,Btm,IN,None,Team Lose,IN,IN,None,Btm,IN,IN,None,Team Win,IN,IN,None,Btm,None,None,None,Win,Btm,IN,None,Btm,Btm,IN,None,Elim,Elim,Elim,Elim,Elim,Elim,Elim,Elim,Elim,Elim,Elim,Elim,Elim,Elim,Elim,Elim,Elim,Elim,Elim,Elim,Elim,None,None,None,None,None,None,None,None,Elim
1,Tom,IN,None,None,Team Win,IN,IN,None,Team Win,IN,IN,None,Team Win,Btm,Win,None,Team Lose,IN,IN,None,Team Win,Btm,IN,None,Elim,Elim,IN,None,Elim,Elim,Elim,Elim,Elim,Elim,Elim,Elim,Elim,Elim,Elim,Elim,Elim,Elim,Elim,Elim,Elim,Elim,Elim,Elim,Elim,Elim,Elim,Elim,Elim,Elim,Elim,Elim,Elim,Elim,Elim,Elim,Elim,None,None,None,None,None,None,None,None,Elim
1,Geni,IN,None,None,Team Win,IN,IN,None,Team Win,IN,IN,None,Team Lose,IN,IN,None,Team Win,IN,IN,None,Team Lose,IN,IN,None,Team Lose,Elim,IN,None,Elim,Elim,Elim,Elim,Elim,Elim,Elim,Elim,Elim,Elim,Elim,Elim,Elim,Elim,Elim,Elim,Elim,Elim,Elim,Elim,Elim,Elim,Elim,Elim,Elim,Elim,Elim,Elim,Elim,Elim,Elim,Elim,Elim,None,None,None,None,None,None,None,None,Elim
1,Sandra,IN,None,None,Team Win,IN,IN,None,Team Win,IN,IN,None,Team Win,IN,IN,None,Btm,Btm,IN,None,Team Win,IN,IN,None,Btm,Elim,Elim,Elim,Elim,Elim,Elim,Elim,Elim,Elim,Elim,Elim,Elim,Elim,Elim,Elim,Elim,Elim,Elim,Elim,Elim,Elim,Elim,Elim,Elim,Elim,Elim,Elim,Elim,Elim,Elim,Elim,Elim,Elim,Elim,Elim,Elim,None,None,None,None,None,None,None,None,Elim
1,Trevor,IN,None,None,Team Win,IN,IN,None,Team Lose,IN,IN,None,Team Win,Btm,IN,None,Team Lose,IN,IN,None,Btm,Elim,Elim,Elim,Elim,Elim,Elim,Elim,Elim,Elim,Elim,Elim,Elim,Elim,Elim,Elim,Elim,Elim,Elim,Elim,Elim,Elim,Elim,Elim,Elim,Elim,Elim,Elim,Elim,Elim,Elim,Elim,Elim,Elim,Elim,Elim,Elim,Elim,Elim,Elim,Elim,None,None,None,None,None,None,None,None,Elim
1,Aaron,Btm,None,None,Team Win,Btm,IN,None,Team Lose,IN,IN,None,Btm,IN,IN,None,Team Win,Btm,IN,None,Elim,Elim,Elim,Elim,Elim,Elim,Elim,Elim,Elim,Elim,Elim,Elim,Elim,Elim,Elim,Elim,Elim,Elim,Elim,Elim,Elim,Elim,Elim,Elim,Elim,Elim,Elim,Elim,Elim,Elim,Elim,Elim,Elim,Elim,Elim,Elim,Elim,Elim,Elim,Elim,Elim,None,None,None,None,None,None,None,None,Elim
1,Kate,IN,None,None,Team Lose,IN,IN,None,Team Lose,Btm,IN,None,Team Win,IN,IN,None,Btm,Elim,Elim,Elim,Elim,Elim,Elim,Elim,Elim,Elim,Elim,Elim,Elim,Elim,Elim,Elim,Elim,Elim,Elim,Elim,Elim,Elim,Elim,Elim,Elim,Elim,Elim,Elim,Elim,Elim,Elim,Elim,Elim,Elim,Elim,Elim,Elim,Elim,Elim,Elim,Elim,Elim,Elim,Elim,Elim,None,None,None,None,None,None,None,None,Elim
1,Josh,IN,None,None,Team Lose,IN,IN,None,Team Lose,IN,IN,None,Btm,Elim,Elim,Elim,Elim,Elim,Elim,Elim,Elim,Elim,Elim,Elim,Elim,Elim,Elim,Elim,Elim,Elim,Elim,Elim,Elim,Elim,Elim,Elim,Elim,Elim,Elim,Elim,Elim,Elim,Elim,Elim,Elim,Elim,Elim,Elim,Elim,Elim,Elim,Elim,Elim,Elim,Elim,Elim,Elim,Elim,Elim,Elim,Elim,None,None,None,None,None,None,None,None,Elim
1,Michelle,IN,None,None,Team Lose,IN,IN,None,Btm,Btm,IN,None,Elim,Elim,Elim,Elim,Elim,Elim,Elim,Elim,Elim,Elim,Elim,Elim,Elim,Elim,Elim,Elim,Elim,Elim,Elim,Elim,Elim,Elim,Elim,Elim,Elim,Elim,Elim,Elim,Elim,Elim,Elim,Elim,Elim,Elim,Elim,Elim,Elim,Elim,Elim,Elim,Elim,Elim,Elim,Elim,Elim,Elim,Elim,Elim,Elim,None,None,None,None,None,None,None,None,Elim
1,Brent,IN,None,None,Team Lose,Win,IN,None,Btm,Btm,Elim,Elim,Elim,Elim,Elim,Elim,Elim,Elim,Elim,Elim,Elim,Elim,Elim,Elim,Elim,Elim,Elim,Elim,Elim,Elim,Elim,Elim,Elim,Elim,Elim,Elim,Elim,Elim,Elim,Elim,Elim,Elim,Elim,Elim,Elim,Elim,Elim,Elim,Elim,Elim,Elim,Elim,Elim,Elim,Elim,Elim,Elim,Elim,Elim,Elim,Elim,None,None,None,None,None,None,None,None,Elim
1,Linda,IN,None,None,Team Win,Btm,IN,None,Elim,Elim,Elim,Elim,Elim,Elim,Elim,Elim,Elim,Elim,Elim,Elim,Elim,Elim,Elim,Elim,Elim,Elim,Elim,Elim,Elim,Elim,Elim,Elim,Elim,Elim,Elim,Elim,Elim,Elim,Elim,Elim,Elim,Elim,Elim,Elim,Elim,Elim,Elim,Elim,Elim,Elim,Elim,Elim,Elim,Elim,Elim,Elim,Elim,Elim,Elim,Elim,Elim,None,None,None,None,None,None,None,None,Elim
1,Nic,IN,None,None,Team Lose,Elim,Elim,Elim,Elim,Elim,Elim,Elim,Elim,Elim,Elim,Elim,Elim,Elim,Elim,Elim,Elim,Elim,Elim,Elim,Elim,Elim,Elim,Elim,Elim,Elim,Elim,Elim,Elim,Elim,Elim,Elim,Elim,Elim,Elim,Elim,Elim,Elim,Elim,Elim,Elim,Elim,Elim,Elim,Elim,Elim,Elim,Elim,Elim,Elim,Elim,Elim,Elim,Elim,Elim,Elim,Elim,None,None,None,None,None,None,None,None,Elim
1,Melissa,Btm,None,None,Elim,Elim,Elim,Elim,Elim,Elim,Elim,Elim,Elim,Elim,Elim,Elim,Elim,Elim,Elim,Elim,Elim,Elim,Elim,Elim,Elim,Elim,Elim,Elim,Elim,Elim,Elim,Elim,Elim,Elim,Elim,Elim,Elim,Elim,Elim,Elim,Elim,Elim,Elim,Elim,Elim,Elim,Elim,Elim,Elim,Elim,Elim,Elim,Elim,Elim,Elim,Elim,Elim,Elim,Elim,Elim,Elim,None,None,None,None,None,None,None,None,Elim
2,Adam,IN,IN,None,Team Win,IN,IN,None,Team Win,IN,IN,None,Team Lose,IN,IN,None,Team Win,IN,IN,None,Team Win,IN,IN,None,Team Win,Win,IN,Win,Team Win,IN,IN,None,Team Win,IN,IN,None,Btm,Team Lose,IN,None,None,Win,IN,Lose,Immune,IN,IN,None,IN,Btm,None,None,IN,None,None,None,IN,None,None,None,IN,None,None,None,Win,None,None,None,Win,Winner
2,Callum,IN,Win,None,Team Lose,Win,IN,Lose,Team Win,IN,IN,None,Team Win,IN,IN,None,Btm,IN,IN,None,Team Lose,IN,IN,None,Team Lose,Btm,IN,None,Team Win,Btm,IN,None,Team Win,Win,IN,None,IN,Team Lose,IN,None,None,IN,IN,None,Team Win,IN,IN,None,IN,Btm,None,None,Btm,None,None,None,Win,None,None,None,IN,None,None,None,Btm,None,None,None,Lose,Runner-Up
2,Claire,IN,IN,None,Team Lose,IN,IN,None,Team Win,IN,IN,None,Team Win,IN,IN,None,Team Win,IN,IN,None,Team Win,IN,IN,None,Team Win,IN,Win,None,Team Win,IN,IN,None,Team Lose,IN,IN,None,IN,Win,Win,None,None,Win,IN,Lose,Team Win,Win,Win,Lose,Win,Btm,None,None,IN,None,None,None,Btm,None,None,None,Btm,None,None,None,Btm,Elim,Elim,Elim,Elim,Top 5
2,Jimmy,IN,IN,None,Team Win,IN,IN,None,Team Win,IN,IN,None,Team Win,IN,IN,None,Team Win,Btm,IN,None,Btm,Elim,None,None,Elim,Elim,None,None,Elim,Elim,IN,Elim,Elim,Elim,Elim,None,Elim,Btm,IN,None,None,IN,IN,None,Team Win,Btm,IN,None,Btm,Win,None,None,Win,None,None,None,IN,None,None,None,Btm,Elim,Elim,Elim,Elim,Elim,Elim,Elim,Elim,Top 5
2,Courtney,IN,IN,None,Team Win,IN,IN,None,Team Lose,IN,IN,None,Btm,Elim,None,None,Elim,Elim,None,None,Elim,Elim,None,None,Elim,Elim,None,None,Elim,Elim,IN,Elim,Elim,Elim,Elim,None,Elim,Win,IN,None,None,IN,IN,None,Team Win,Btm,IN,None,IN,Win,None,None,Btm,None,None,None,Btm,Elim,Elim,Elim,Elim,Elim,Elim,Elim,Elim,Elim,Elim,Elim,Elim,Top 5
2,Alvin,Win,IN,Lose,Team Win,IN,IN,None,Team Lose,IN,IN,None,Team Lose,Btm,IN,None,Team Win,IN,IN,None,Team Win,Top,IN,None,Team Win,IN,IN,None,Team Lose,IN,IN,None,Team Lose,IN,IN,None,Btm,Win,IN,None,None,Btm,Win,None,Team Win,IN,IN,None,Btm,Win,None,None,Btm,Elim,Elim,Elim,Elim,Elim,Elim,Elim,Elim,Elim,Elim,Elim,Elim,Elim,Elim,Elim,Elim,Elim
2,Aaron,IN,IN,None,Team Lose,IN,IN,None,Team Lose,IN,IN,None,Team Win,IN,IN,None,Team Win,IN,IN,None,Team Lose,Win,IN,Lose,Team Lose,Win,IN,Lose,Team Lose,IN,IN,None,Team Win,IN,IN,None,IN,Btm,IN,Lose,None,Btm,IN,None,Btm,IN,IN,None,Btm,Elim,Elim,Elim,Elim,Elim,Elim,Elim,Elim,Elim,Elim,Elim,Elim,Elim,Elim,Elim,Elim,Elim,Elim,Elim,Elim,Elim
2,Jonathan,IN,IN,None,Btm,IN,IN,None,Btm,Win,IN,Lose,Team Win,Win,IN,Lose,Btm,IN,IN,None,Team Lose,Top,IN,None,Team Lose,IN,IN,None,Btm,Win,IN,Lose,Team Lose,IN,IN,None,Btm,Win,IN,None,None,IN,IN,None,Team Lose,Btm,IN,None,Elim,Elim,Elim,Elim,Elim,Elim,Elim,Elim,Elim,Elim,Elim,Elim,Elim,Elim,Elim,Elim,Elim,Elim,Elim,Elim,Elim,Elim
2,Marion,IN,IN,None,Team Win,IN,Win,None,Team Win,IN,IN,None,Team Lose,IN,IN,None,Team Win,Win,IN,Win,Immune,Top,Win,None,Immune,IN,IN,None,Team Win,IN,Win,None,Team Lose,IN,Win,Lose,IN,Win,IN,None,None,Btm,IN,None,Btm,Elim,Elim,Elim,Elim,Elim,Elim,Elim,Elim,Elim,Elim,Elim,Elim,Elim,Elim,Elim,Elim,Elim,Elim,Elim,Elim,Elim,Elim,Elim,Elim,Elim
2,Peter,IN,IN,None,Team Win,IN,IN,None,Team Win,IN,IN,None,Team Lose,IN,IN,None,Team Win,Btm,IN,None,Team Win,IN,IN,None,Team Win,Elim,IN,None,Elim,Elim,IN,None,Elim,Elim,Elim,None,Elim,Team Lose,None,None,None,Btm,None,None,Elim,Elim,Elim,Elim,Elim,Elim,Elim,Elim,Elim,Elim,Elim,Elim,Elim,Elim,Elim,Elim,Elim,Elim,Elim,Elim,Elim,Elim,Elim,Elim,Elim,Elim
2,Joanne,IN,Win,None,Team Win,IN,IN,None,Team Win,Btm,IN,None,Team Win,IN,Win,None,Team Win,IN,IN,None,Team Lose,Top,IN,None,Btm,Btm,IN,None,Team Lose,IN,IN,None,Team Win,IN,IN,None,Btm,Elim,Elim,Elim,Elim,Elim,Elim,Elim,Elim,Elim,Elim,Elim,Elim,Elim,Elim,Elim,Elim,Elim,Elim,Elim,Elim,Elim,Elim,Elim,Elim,Elim,Elim,Elim,Elim,Elim,Elim,Elim,Elim,Elim
2,Matthew,IN,Win,None,Team Lose,IN,IN,None,Team Win,Btm,IN,None,Team Win,Win,IN,Lose,Team Win,IN,IN,None,Btm,Btm,IN,None,Team Lose,IN,IN,None,Team Win,Btm,IN,None,Btm,Elim,Elim,Elim,Elim,Elim,Elim,Elim,Elim,Elim,Elim,Elim,Elim,Elim,Elim,Elim,Elim,Elim,Elim,Elim,Elim,Elim,Elim,Elim,Elim,Elim,Elim,Elim,Elim,Elim,Elim,Elim,Elim,Elim,Elim,Elim,Elim,Elim
2,Sharnee,IN,IN,None,Team Lose,IN,IN,None,Team Lose,IN,IN,None,Btm,Win,IN,Lose,Team Win,IN,IN,None,Team Win,Top,IN,None,Team Win,IN,IN,None,Team Lose,Btm,IN,None,Elim,Elim,Elim,Elim,Elim,Elim,Elim,Elim,Elim,Elim,Elim,Elim,Elim,Elim,Elim,Elim,Elim,Elim,Elim,Elim,Elim,Elim,Elim,Elim,Elim,Elim,Elim,Elim,Elim,Elim,Elim,Elim,Elim,Elim,Elim,Elim,Elim,Elim
2,Skye,IN,IN,None,Team Lose,IN,IN,None,Team Win,IN,Win,None,Team Lose,IN,IN,None,Team Win,IN,IN,None,Team Win,IN,IN,None,Team Win,Btm,IN,None,Btm,Elim,Elim,Elim,Elim,Elim,Elim,Elim,Elim,Elim,Elim,Elim,Elim,Elim,Elim,Elim,Elim,Elim,Elim,Elim,Elim,Elim,Elim,Elim,Elim,Elim,Elim,Elim,Elim,Elim,Elim,Elim,Elim,Elim,Elim,Elim,Elim,Elim,Elim,Elim,Elim,Elim
2,Jake,IN,IN,None,Team Lose,IN,IN,None,Team Lose,IN,IN,None,Team Lose,IN,IN,None,Team Win,IN,IN,None,Team Win,Btm,IN,None,Btm,Elim,Elim,Elim,Elim,Elim,Elim,Elim,Elim,Elim,Elim,Elim,Elim,Elim,Elim,Elim,Elim,Elim,Elim,Elim,Elim,Elim,Elim,Elim,Elim,Elim,Elim,Elim,Elim,Elim,Elim,Elim,Elim,Elim,Elim,Elim,Elim,Elim,Elim,Elim,Elim,Elim,Elim,Elim,Elim,Elim
2,Fiona,IN,Win,None,Team Lose,Btm,IN,None,Team Win,IN,IN,None,Team Win,Btm,IN,None,Team Win,IN,Win,None,Btm,Elim,Elim,Elim,Elim,Elim,Elim,Elim,Elim,Elim,Elim,Elim,Elim,Elim,Elim,Elim,Elim,Elim,Elim,Elim,Elim,Elim,Elim,Elim,Elim,Elim,Elim,Elim,Elim,Elim,Elim,Elim,Elim,Elim,Elim,Elim,Elim,Elim,Elim,Elim,Elim,Elim,Elim,Elim,Elim,Elim,Elim,Elim,Elim,Elim
2,Carrie,IN,IN,None,Team Win,Btm,IN,None,Team Lose,IN,IN,None,Team Win,IN,IN,None,Btm,Btm,Elim,Elim,Elim,Elim,Elim,Elim,Elim,Elim,Elim,Elim,Elim,Elim,Elim,Elim,Elim,Elim,Elim,Elim,Elim,Elim,Elim,Elim,Elim,Elim,Elim,Elim,Elim,Elim,Elim,Elim,Elim,Elim,Elim,Elim,Elim,Elim,Elim,Elim,Elim,Elim,Elim,Elim,Elim,Elim,Elim,Elim,Elim,Elim,Elim,Elim,Elim,Elim
2,Philip,IN,IN,None,Team Win,IN,IN,None,Team Lose,IN,IN,None,Team Win,IN,IN,None,Btm,Elim,Elim,Elim,Elim,Elim,Elim,Elim,Elim,Elim,Elim,Elim,Elim,Elim,Elim,Elim,Elim,Elim,Elim,Elim,Elim,Elim,Elim,Elim,Elim,Elim,Elim,Elim,Elim,Elim,Elim,Elim,Elim,Elim,Elim,Elim,Elim,Elim,Elim,Elim,Elim,Elim,Elim,Elim,Elim,Elim,Elim,Elim,Elim,Elim,Elim,Elim,Elim,Elim
2,Daniel,IN,IN,None,Team Win,IN,IN,None,Team Win,IN,IN,None,Btm,Btm,IN,None,Elim,Elim,Elim,Elim,Elim,Elim,Elim,Elim,Elim,Elim,Elim,Elim,Elim,Elim,Elim,Elim,Elim,Elim,Elim,Elim,Elim,Elim,Elim,Elim,Elim,Elim,Elim,Elim,Elim,Elim,Elim,Elim,Elim,Elim,Elim,Elim,Elim,Elim,Elim,Elim,Elim,Elim,Elim,Elim,Elim,Elim,Elim,Elim,Elim,Elim,Elim,Elim,Elim,Elim
2,Dominic,IN,IN,None,Team Lose,IN,IN,None,Team Lose,Btm,IN,None,Elim,Elim,Elim,Elim,Elim,Elim,Elim,Elim,Elim,Elim,Elim,Elim,Elim,Elim,Elim,Elim,Elim,Elim,Elim,Elim,Elim,Elim,Elim,Elim,Elim,Elim,Elim,Elim,Elim,Elim,Elim,Elim,Elim,Elim,Elim,Elim,Elim,Elim,Elim,Elim,Elim,Elim,Elim,Elim,Elim,Elim,Elim,Elim,Elim,Elim,Elim,Elim,Elim,Elim,Elim,Elim,Elim,Elim
2,Adele,IN,IN,None,Team Win,IN,IN,None,Btm,Elim,Elim,Elim,Elim,Elim,Elim,Elim,Elim,Elim,Elim,Elim,Elim,Elim,Elim,Elim,Elim,Elim,Elim,Elim,Elim,Elim,Elim,Elim,Elim,Elim,Elim,Elim,Elim,Elim,Elim,Elim,Elim,Elim,Elim,Elim,Elim,Elim,Elim,Elim,Elim,Elim,Elim,Elim,Elim,Elim,Elim,Elim,Elim,Elim,Elim,Elim,Elim,Elim,Elim,Elim,Elim,Elim,Elim,Elim,Elim,Elim
2,Kate,IN,IN,None,Team Win,Btm,IN,None,Elim,Elim,Elim,Elim,Elim,Elim,Elim,Elim,Elim,Elim,Elim,Elim,Elim,Elim,Elim,Elim,Elim,Elim,Elim,Elim,Elim,Elim,Elim,Elim,Elim,Elim,Elim,Elim,Elim,Elim,Elim,Elim,Elim,Elim,Elim,Elim,Elim,Elim,Elim,Elim,Elim,Elim,Elim,Elim,Elim,Elim,Elim,Elim,Elim,Elim,Elim,Elim,Elim,Elim,Elim,Elim,Elim,Elim,Elim,Elim,Elim,Elim
2,Devon,IN,IN,None,Btm,Elim,Elim,None,Elim,Elim,Elim,Elim,Elim,Elim,Elim,Elim,Elim,Elim,Elim,Elim,Elim,Elim,Elim,Elim,Elim,Elim,Elim,Elim,Elim,Elim,Elim,Elim,Elim,Elim,Elim,Elim,Elim,Elim,Elim,Elim,Elim,Elim,Elim,Elim,Elim,Elim,Elim,Elim,Elim,Elim,Elim,Elim,Elim,Elim,Elim,Elim,Elim,Elim,Elim,Elim,Elim,Elim,Elim,Elim,Elim,Elim,Elim,Elim,Elim,Elim
3,Kate,IN,None,None,Team Lose,IN,None,None,Team Win,IN,None,None,Team Win,Team Lose,None,None,IN,IN,None,None,Team Win,Win,None,Lose,Team Win,IN,None,None,Team Win,IN,None,None,Team Win,IN,None,None,Btm,IN,None,None,Btm,Btm,None,None,Team Lose,IN,None,None,IN,Win,None,Lose,None,IN,None,None,Win,None,None,None,Btm,None,None,None,Win,None,None,None,None,Winner
3,Michael,IN,None,None,Team Lose,IN,None,None,Team Lose,IN,None,None,Team Win,Win,None,None,IN,IN,None,None,Btm,Btm,None,None,Team Lose,Btm,None,None,Team Lose,IN,None,None,Btm,IN,None,None,Team Lose,Win,None,Lose,Btm,IN,None,None,Btm,Win,None,Lose,IN,IN,None,Lose,None,Win,None,None,Btm,None,None,None,Win,None,None,None,Lose,None,None,None,None,Runner-Up
3,Alana,IN,None,None,Team Lose,IN,None,None,Team Win,IN,None,None,Team Win,Team Lose,None,None,Top,IN,None,None,Team Lose,IN,None,None,Team Win,IN,None,None,Btm,IN,None,None,Team Win,IN,None,None,Team Win,IN,None,None,Win,IN,None,None,Team Win,IN,None,None,Win,Btm,None,None,None,IN,None,None,Win,None,None,None,Btm,Elim,Elim,Elim,Elim,None,None,None,None,Top 5
3,Dani,IN,None,None,Team Win,IN,None,None,Team Win,IN,None,None,Team Lose,Win,None,None,IN,Btm,None,None,Team Lose,IN,None,None,Team Lose,IN,None,None,Team Lose,IN,None,None,Team Win,Win,None,IN,Immune,Btm,None,None,Btm,Win,None,Win,Team Win,IN,None,None,IN,Immune,None,None,None,IN,None,None,Btm,Elim,Elim,Elim,Elim,Elim,Elim,Elim,Elim,None,None,None,None,Top 5
3,Ellie,IN,None,None,Team Lose,Btm,None,None,Team Win,Btm,None,None,Team Win,Win,None,None,IN,Btm,None,None,Team Lose,IN,None,None,Team Lose,Btm,None,None,Team Win,Btm,None,None,Team Win,IN,None,None,Team Win,IN,None,Win,Win,Immune,None,None,Team Win,IN,None,None,IN,Btm,Elim,Elim,Elim,Elim,Elim,Elim,Elim,Elim,Elim,Elim,Elim,Elim,Elim,Elim,Elim,None,None,None,None,Top 5
3,Hayden,Win,None,Win,Team Lose,IN,None,None,Team Lose,IN,None,None,Team Lose,Team Lose,None,None,IN,IN,None,None,Team Lose,IN,None,None,Team Win,Win,None,Lose,Immune,IN,None,None,Immune,Btm,None,None,Team Lose,IN,None,None,Btm,IN,None,None,Btm,Elim,Elim,Elim,Elim,Elim,Elim,Elim,Elim,Elim,Elim,Elim,Elim,Elim,Elim,Elim,Elim,Elim,Elim,Elim,Elim,None,None,None,None,Elim
3,Billy,IN,None,None,Team Win,Btm,None,None,Team Lose,IN,None,None,Team Lose,Win,None,None,Win,IN,None,None,Team Win,IN,None,None,Team Lose,IN,None,None,Team Win,Win,None,Lose,Team Lose,Elim,None,None,Team Win,IN,None,None,Btm,Btm,Elim,Elim,Elim,Elim,Elim,Elim,Elim,Elim,Elim,Elim,Elim,Elim,Elim,Elim,Elim,Elim,Elim,Elim,Elim,Elim,Elim,Elim,Elim,None,None,None,None,Elim
3,Sun,IN,None,None,Team Win,IN,None,None,Team Win,Win,None,Lose,Team Lose,Win,None,Lose,IN,IN,None,Lose,Team Win,IN,None,None,Team Win,IN,None,None,Team Win,IN,None,None,Team Win,IN,None,None,Team Win,Btm,Elim,Elim,Elim,Elim,Elim,Elim,Elim,Elim,Elim,Elim,Elim,Elim,Elim,Elim,Elim,Elim,Elim,Elim,Elim,Elim,Elim,Elim,Elim,Elim,Elim,Elim,Elim,None,None,None,None,Elim
3,Peter,IN,None,None,Team Win,IN,None,None,Team Lose,Win,None,Lose,Btm,Win,None,Lose,IN,IN,None,Lose,Team Win,IN,None,None,Team Win,IN,None,None,Team Lose,Btm,None,None,Team Lose,IN,None,None,Btm,Elim,Elim,Elim,Elim,Elim,Elim,Elim,Elim,Elim,Elim,Elim,Elim,Elim,Elim,Elim,Elim,Elim,Elim,Elim,Elim,Elim,Elim,Elim,Elim,Elim,Elim,Elim,Elim,None,None,None,None,Elim
3,Mat,IN,None,None,Team Lose,IN,None,None,Team Lose,IN,None,None,Team Win,Team Lose,None,None,IN,IN,None,None,Team Lose,IN,None,None,Team Win,IN,None,None,Team Lose,IN,None,None,Team Win,Btm,None,None,Btm,Elim,Elim,Elim,Elim,Elim,Elim,Elim,Elim,Elim,Elim,Elim,Elim,Elim,Elim,Elim,Elim,Elim,Elim,Elim,Elim,Elim,Elim,Elim,Elim,Elim,Elim,Elim,Elim,None,None,None,None,Elim
3,Kumar,IN,None,None,Btm,IN,None,None,Team Lose,IN,None,None,Btm,Win,None,None,Btm,IN,None,None,Team Win,IN,None,None,Team Win,IN,None,None,Team Win,IN,None,None,Btm,Elim,Elim,Elim,Elim,Elim,Elim,Elim,Elim,Elim,Elim,Elim,Elim,Elim,Elim,Elim,Elim,Elim,Elim,Elim,Elim,Elim,Elim,Elim,Elim,Elim,Elim,Elim,Elim,Elim,Elim,Elim,Elim,None,None,None,None,Elim
3,Danielle,IN,None,None,Team Lose,IN,None,None,Team Win,IN,None,None,Team Win,Team Lose,None,None,IN,Win,None,Lose,Team Lose,Win,None,None,Team Lose,Btm,None,None,Team Win,Btm,Elim,Elim,Elim,Elim,Elim,Elim,Elim,Elim,Elim,Elim,Elim,Elim,Elim,Elim,Elim,Elim,Elim,Elim,Elim,Elim,Elim,Elim,Elim,Elim,Elim,Elim,Elim,Elim,Elim,Elim,Elim,Elim,Elim,Elim,Elim,None,None,None,None,Elim
3,Craig,IN,None,None,Team Win,IN,None,None,Team Lose,Win,None,Lose,Team Lose,Team Lose,None,Lose,IN,IN,None,Lose,Team Win,Btm,None,None,Btm,IN,None,None,Btm,Elim,Elim,Elim,Elim,Elim,Elim,Elim,Elim,Elim,Elim,Elim,Elim,Elim,Elim,Elim,Elim,Elim,Elim,Elim,Elim,Elim,Elim,Elim,Elim,Elim,Elim,Elim,Elim,Elim,Elim,Elim,Elim,Elim,Elim,Elim,Elim,None,None,None,None,Elim
3,Adam,IN,None,None,Team Win,IN,None,None,Team Lose,IN,None,None,Team Lose,Win,None,None,Top,IN,None,None,Team Win,IN,None,None,Team Win,Elim,Elim,Elim,Elim,Elim,Elim,Elim,Elim,Elim,Elim,Elim,Elim,Elim,Elim,Elim,Elim,Elim,Elim,Elim,Elim,Elim,Elim,Elim,Elim,Elim,Elim,Elim,Elim,Elim,Elim,Elim,Elim,Elim,Elim,Elim,Elim,Elim,Elim,Elim,Elim,None,None,None,None,Elim
3,Shannon,IN,None,None,Team Win,IN,None,None,Team Win,IN,None,None,Team Win,Team Lose,None,None,Win,IN,None,None,Btm,Btm,None,None,Btm,Elim,Elim,Elim,Elim,Elim,Elim,Elim,Elim,Elim,Elim,Elim,Elim,Elim,Elim,Elim,Elim,Elim,Elim,Elim,Elim,Elim,Elim,Elim,Elim,Elim,Elim,Elim,Elim,Elim,Elim,Elim,Elim,Elim,Elim,Elim,Elim,Elim,Elim,Elim,Elim,None,None,None,None,Elim
3,Rachel,IN,None,None,Team Lose,IN,None,None,Team Win,Btm,None,None,Team Win,Win,None,None,IN,IN,None,None,Team Win,Btm,None,None,Elim,Elim,Elim,Elim,Elim,Elim,Elim,Elim,Elim,Elim,Elim,Elim,Elim,Elim,Elim,Elim,Elim,Elim,Elim,Elim,Elim,Elim,Elim,Elim,Elim,Elim,Elim,Elim,Elim,Elim,Elim,Elim,Elim,Elim,Elim,Elim,Elim,Elim,Elim,Elim,Elim,None,None,None,None,Elim
3,Arena,IN,None,None,Team Lose,IN,None,None,Team Win,IN,None,None,Team Win,Team Lose,None,None,Top,IN,None,None,Btm,Elim,Elim,Elim,Elim,Elim,Elim,Elim,Elim,Elim,Elim,Elim,Elim,Elim,Elim,Elim,Elim,Elim,Elim,Elim,Elim,Elim,Elim,Elim,Elim,Elim,Elim,Elim,Elim,Elim,Elim,Elim,Elim,Elim,Elim,Elim,Elim,Elim,Elim,Elim,Elim,Elim,Elim,Elim,Elim,None,None,None,None,Elim
3,Jay,IN,None,None,Team Win,Win,None,Lose,Team Lose,IN,None,None,Team Win,Win,None,Lose,Immune,Btm,Elim,Elim,Elim,Elim,Elim,Elim,Elim,Elim,Elim,Elim,Elim,Elim,Elim,Elim,Elim,Elim,Elim,Elim,Elim,Elim,Elim,Elim,Elim,Elim,Elim,Elim,Elim,Elim,Elim,Elim,Elim,Elim,Elim,Elim,Elim,Elim,Elim,Elim,Elim,Elim,Elim,Elim,Elim,Elim,Elim,Elim,Elim,None,None,None,None,Elim
3,Andrew,IN,None,None,Team Win,IN,None,None,Btm,IN,None,None,Team Lose,Team Lose,None,None,Btm,Elim,Elim,Elim,Elim,Elim,Elim,Elim,Elim,Elim,Elim,Elim,Elim,Elim,Elim,Elim,Elim,Elim,Elim,Elim,Elim,Elim,Elim,Elim,Elim,Elim,Elim,Elim,Elim,Elim,Elim,Elim,Elim,Elim,Elim,Elim,Elim,Elim,Elim,Elim,Elim,Elim,Elim,Elim,Elim,Elim,Elim,Elim,Elim,None,None,None,None,Elim
3,Cleo,IN,None,None,Team Win,IN,None,None,Team Win,IN,None,None,Btm,Elim,Elim,Elim,Elim,Elim,Elim,Elim,Elim,Elim,Elim,Elim,Elim,Elim,Elim,Elim,Elim,Elim,Elim,Elim,Elim,Elim,Elim,Elim,Elim,Elim,Elim,Elim,Elim,Elim,Elim,Elim,Elim,Elim,Elim,Elim,Elim,Elim,Elim,Elim,Elim,Elim,Elim,Elim,Elim,Elim,Elim,Elim,Elim,Elim,Elim,Elim,Elim,None,None,None,None,Elim
3,Chelsea,IN,None,None,Team Win,IN,None,None,Team Win,Btm,None,None,Elim,Elim,Elim,Elim,Elim,Elim,Elim,Elim,Elim,Elim,Elim,Elim,Elim,Elim,Elim,Elim,Elim,Elim,Elim,Elim,Elim,Elim,Elim,Elim,Elim,Elim,Elim,Elim,Elim,Elim,Elim,Elim,Elim,Elim,Elim,Elim,Elim,Elim,Elim,Elim,Elim,Elim,Elim,Elim,Elim,Elim,Elim,Elim,Elim,Elim,Elim,Elim,Elim,None,None,None,None,Elim
3,Seamus,IN,None,None,Team Lose,IN,None,None,Btm,Elim,Elim,Elim,Elim,Elim,Elim,Elim,Elim,Elim,Elim,Elim,Elim,Elim,Elim,Elim,Elim,Elim,Elim,Elim,Elim,Elim,Elim,Elim,Elim,Elim,Elim,Elim,Elim,Elim,Elim,Elim,Elim,Elim,Elim,Elim,Elim,Elim,Elim,Elim,Elim,Elim,Elim,Elim,Elim,Elim,Elim,Elim,Elim,Elim,Elim,Elim,Elim,Elim,Elim,Elim,Elim,None,None,None,None,Elim
3,Alex,IN,None,None,Team Win,Btm,Elim,Elim,Elim,Elim,Elim,Elim,Elim,Elim,Elim,Elim,Elim,Elim,Elim,Elim,Elim,Elim,Elim,Elim,Elim,Elim,Elim,Elim,Elim,Elim,Elim,Elim,Elim,Elim,Elim,Elim,Elim,Elim,Elim,Elim,Elim,Elim,Elim,Elim,Elim,Elim,Elim,Elim,Elim,Elim,Elim,Elim,Elim,Elim,Elim,Elim,Elim,Elim,Elim,Elim,Elim,Elim,Elim,Elim,Elim,None,None,None,None,Elim
3,Tom,IN,None,None,Btm,Elim,Elim,Elim,Elim,Elim,Elim,Elim,Elim,Elim,Elim,Elim,Elim,Elim,Elim,Elim,Elim,Elim,Elim,Elim,Elim,Elim,Elim,Elim,Elim,Elim,Elim,Elim,Elim,Elim,Elim,Elim,Elim,Elim,Elim,Elim,Elim,Elim,Elim,Elim,Elim,Elim,Elim,Elim,Elim,Elim,Elim,Elim,Elim,Elim,Elim,Elim,Elim,Elim,Elim,Elim,Elim,Elim,Elim,Elim,Elim,None,None,None,None,Elim
4,Andy,None,IN,Lose,Team Win,IN,IN,None,Team Lose,IN,IN,None,Team Win,IN,Team 3rd,None,Btm,IN,IN,None,Team Win,IN,IN,None,Team Win,IN,IN,None,Team Lose,IN,None,None,Btm,IN,None,None,Team Lose,IN,Win,None,IN,None,None,None,Team Lose,None,None,None,IN,None,None,None,IN,None,None,None,Top,None,None,None,Win,None,None,None,None,None,None,None,None,Winner
4,Julia,None,IN,None,Team Win,IN,Win,Lose,Team Lose,Btm,Win,None,Btm,IN,Team 2nd,None,Team Win,IN,IN,None,Btm,IN,IN,None,Team Win,IN,IN,Lose,Btm,IN,None,None,Team Win,IN,None,None,Btm,IN,IN,None,Btm,None,None,None,Btm,None,None,None,IN,None,None,None,Btm,None,None,None,Top,None,None,None,Lose,None,None,None,None,None,None,None,None,Runner-Up
4,Audra,None,IN,None,Team Win,IN,IN,None,Team Win,IN,IN,Lose,Team Win,IN,Team 2nd,None,Team Win,Btm,IN,None,Team Win,Win,Win,Lose,Team Win,IN,IN,None,Team Win,IN,None,None,Team Lose,IN,None,None,Team Win,IN,IN,None,Btm,None,None,None,Team Win,None,None,None,Btm,None,None,None,IN,None,None,None,Btm,None,None,None,Lose,None,None,None,None,None,None,None,None,Top 5
4,Mindy,None,IN,None,Team Lose,Win,IN,Lose,Team Lose,Win,IN,Win,Team Win,IN,Team Win,None,Team Win,IN,IN,None,Team Win,IN,IN,None,Team Win,IN,IN,None,Team Lose,IN,None,None,Team Win,IN,None,None,Team Win,Win,IN,None,Immune,None,None,None,Team Lose,None,None,None,Btm,None,None,None,IN,None,None,None,Btm,Elim,Elim,Elim,Elim,None,None,None,None,None,None,None,None,Top 5
4,Ben,None,Win,Lose,Team Lose,IN,IN,None,Team Win,IN,IN,None,Team Win,IN,Team Win,None,Team Lose,IN,IN,None,Team Win,IN,IN,None,Btm,IN,IN,None,Team Win,IN,None,None,Team Win,IN,None,None,Team Lose,Btm,IN,None,IN,None,None,None,Team Win,None,None,None,IN,None,None,None,Btm,Elim,Elim,Elim,Elim,Elim,Elim,Elim,Elim,None,None,None,None,None,None,None,None,Top 5
4,Kylie,None,IN,None,Team Lose,IN,IN,None,Team Win,IN,IN,None,Team Win,IN,Team Win,None,Team Lose,IN,Win,None,Team Lose,IN,IN,Lose,Team Lose,IN,IN,None,Team Win,Win,None,Win,Team Win,IN,None,None,Team Win,IN,IN,None,Immune,None,None,None,Team Win,None,None,None,Btm,Elim,Elim,Elim,Elim,Elim,Elim,Elim,Elim,Elim,Elim,Elim,Elim,None,None,None,None,None,None,None,None,Elim
4,Alice,None,IN,None,Team Win,IN,IN,None,Team Lose,IN,IN,None,Team Lose,IN,Team 2nd,None,Team Win,Win,IN,Lose,Team Win,IN,IN,None,Team Win,IN,IN,None,Team Lose,IN,None,None,Team Win,IN,None,None,Team Lose,Btm,IN,None,Immune,None,None,None,Btm,Elim,Elim,Elim,Elim,Elim,Elim,Elim,Elim,Elim,Elim,Elim,Elim,Elim,Elim,Elim,Elim,None,None,None,None,None,None,None,None,Elim
4,Beau,None,IN,None,Team Lose,IN,IN,None,Team Win,IN,IN,None,Team Win,IN,Team Lose,None,Team Win,IN,IN,None,Team Win,IN,IN,None,Team Lose,IN,IN,None,Team Win,Btm,None,None,Team Win,IN,None,None,Team Win,Btm,IN,None,Btm,Elim,Elim,Elim,Elim,Elim,Elim,Elim,Elim,Elim,Elim,Elim,Elim,Elim,Elim,Elim,Elim,Elim,Elim,Elim,Elim,None,None,None,None,None,None,None,None,Elim
4,Wade,None,IN,None,Team Lose,Btm,IN,None,Team Win,IN,IN,None,Team Win,IN,Team Lose,None,Team Win,IN,IN,None,Team Win,Btm,IN,None,Team Lose,IN,Win,None,Team Win,IN,None,None,Team Lose,IN,None,None,Team Win,Btm,IN,None,Elim,Elim,Elim,Elim,Elim,Elim,Elim,Elim,Elim,Elim,Elim,Elim,Elim,Elim,Elim,Elim,Elim,Elim,Elim,Elim,Elim,None,None,None,None,None,None,None,None,Elim
4,Debra,None,IN,None,Team Win,IN,IN,None,Team Lose,IN,IN,None,Team Lose,IN,Team 2nd,None,Team Win,IN,IN,None,Team Lose,IN,IN,None,Team Lose,IN,IN,None,Team Lose,IN,None,None,Team Lose,IN,None,None,Btm,Elim,IN,None,Elim,Elim,Elim,Elim,Elim,Elim,Elim,Elim,Elim,Elim,Elim,Elim,Elim,Elim,Elim,Elim,Elim,Elim,Elim,Elim,Elim,None,None,None,None,None,None,None,None,Elim
4,Amina,None,IN,None,Team Win,IN,IN,Lose,Team Lose,IN,IN,Lose,Team Lose,IN,Team Win,Lose,Team Win,IN,IN,None,Team Lose,IN,IN,Lose,Team Lose,Btm,IN,None,Team Lose,Btm,None,None,Btm,Elim,Elim,Elim,Elim,Elim,Elim,Elim,Elim,Elim,Elim,Elim,Elim,Elim,Elim,Elim,Elim,Elim,Elim,Elim,Elim,Elim,Elim,Elim,Elim,Elim,Elim,Elim,Elim,None,None,None,None,None,None,None,None,Elim
4,Jules,None,IN,None,Btm,IN,IN,None,Team Win,IN,IN,None,Team Lose,IN,Team Lose,None,Team Lose,Win,IN,Lose,Team Win,IN,IN,None,Team Win,IN,IN,Lose,Btm,IN,None,None,Btm,Elim,Elim,Elim,Elim,Elim,Elim,Elim,Elim,Elim,Elim,Elim,Elim,Elim,Elim,Elim,Elim,Elim,Elim,Elim,Elim,Elim,Elim,Elim,Elim,Elim,Elim,Elim,Elim,None,None,None,None,None,None,None,None,Elim
4,Andrew,None,IN,None,Team Win,IN,IN,None,Team Lose,Btm,IN,None,Team Lose,IN,Team 3rd,None,Team Lose,Btm,IN,None,Team Win,IN,IN,None,Team Win,Btm,IN,None,Team Win,Btm,None,None,Elim,Elim,Elim,Elim,Elim,Elim,Elim,Elim,Elim,Elim,Elim,Elim,Elim,Elim,Elim,Elim,Elim,Elim,Elim,Elim,Elim,Elim,Elim,Elim,Elim,Elim,Elim,Elim,Elim,None,None,None,None,None,None,None,None,Elim
4,Tregan,None,IN,None,Team Win,IN,IN,None,Team Win,IN,IN,None,Team Lose,IN,Team Lose,None,Team Lose,Win,IN,Lose,Team Lose,IN,IN,None,Team Lose,Win,IN,Lose,Btm,Elim,Elim,Elim,Elim,Elim,Elim,Elim,Elim,Elim,Elim,Elim,Elim,Elim,Elim,Elim,Elim,Elim,Elim,Elim,Elim,Elim,Elim,Elim,Elim,Elim,Elim,Elim,Elim,Elim,Elim,Elim,Elim,None,None,None,None,None,None,None,None,Elim
4,Sam,None,IN,None,Team Win,IN,IN,None,Team Win,IN,IN,None,Team Win,Win,Team Win,None,Btm,IN,IN,None,Team Lose,IN,IN,None,Team Win,Btm,Elim,Elim,Elim,Elim,Elim,Elim,Elim,Elim,Elim,Elim,Elim,Elim,Elim,Elim,Elim,Elim,Elim,Elim,Elim,Elim,Elim,Elim,Elim,Elim,Elim,Elim,Elim,Elim,Elim,Elim,Elim,Elim,Elim,Elim,Elim,None,None,None,None,None,None,None,None,Elim
4,Emma,None,IN,Lose,Team Lose,IN,IN,None,Team Lose,IN,IN,None,Team Win,IN,Team Lose,None,Team Lose,IN,IN,None,Team Lose,Btm,IN,None,Btm,Elim,Elim,Elim,Elim,Elim,Elim,Elim,Elim,Elim,Elim,Elim,Elim,Elim,Elim,Elim,Elim,Elim,Elim,Elim,Elim,Elim,Elim,Elim,Elim,Elim,Elim,Elim,Elim,Elim,Elim,Elim,Elim,Elim,Elim,Elim,Elim,None,None,None,None,None,None,None,None,Elim
4,Filippo,None,IN,None,Team Lose,IN,IN,None,Btm,IN,IN,None,Team Win,IN,Team 3rd,None,Team Win,IN,IN,None,Team Lose,Btm,Elim,Elim,Elim,Elim,Elim,Elim,Elim,Elim,Elim,Elim,Elim,Elim,Elim,Elim,Elim,Elim,Elim,Elim,Elim,Elim,Elim,Elim,Elim,Elim,Elim,Elim,Elim,Elim,Elim,Elim,Elim,Elim,Elim,Elim,Elim,Elim,Elim,Elim,Elim,None,None,None,None,None,None,None,None,Elim
4,Mario,None,IN,None,Team Win,IN,IN,None,Team Win,IN,IN,None,Team Lose,IN,Team 3rd,None,Team Win,IN,IN,None,Btm,Elim,Elim,Elim,Elim,Elim,Elim,Elim,Elim,Elim,Elim,Elim,Elim,Elim,Elim,Elim,Elim,Elim,Elim,Elim,Elim,Elim,Elim,Elim,Elim,Elim,Elim,Elim,Elim,Elim,Elim,Elim,Elim,Elim,Elim,Elim,Elim,Elim,Elim,Elim,Elim,None,None,None,None,None,None,None,None,Elim
4,Dalvinder,None,IN,None,Team Lose,IN,IN,None,Team Win,IN,IN,None,Team Lose,IN,Team 3rd,None,Team Lose,Btm,Elim,Elim,Elim,Elim,Elim,Elim,Elim,Elim,Elim,Elim,Elim,Elim,Elim,Elim,Elim,Elim,Elim,Elim,Elim,Elim,Elim,Elim,Elim,Elim,Elim,Elim,Elim,Elim,Elim,Elim,Elim,Elim,Elim,Elim,Elim,Elim,Elim,Elim,Elim,Elim,Elim,Elim,Elim,None,None,None,None,None,None,None,None,Elim
4,TK,None,IN,None,Team Lose,Btm,IN,None,Team Lose,IN,IN,None,Btm,Elim,Elim,Elim,Elim,Elim,Elim,Elim,Elim,Elim,Elim,Elim,Elim,Elim,Elim,Elim,Elim,Elim,Elim,Elim,Elim,Elim,Elim,Elim,Elim,Elim,Elim,Elim,Elim,Elim,Elim,Elim,Elim,Elim,Elim,Elim,Elim,Elim,Elim,Elim,Elim,Elim,Elim,Elim,Elim,Elim,Elim,Elim,Elim,None,None,None,None,None,None,None,None,Elim
4,Kath,None,IN,None,Team Win,IN,IN,None,Team Win,Btm,Elim,Elim,Elim,Elim,Elim,Elim,Elim,Elim,Elim,Elim,Elim,Elim,Elim,Elim,Elim,Elim,Elim,Elim,Elim,Elim,Elim,Elim,Elim,Elim,Elim,Elim,Elim,Elim,Elim,Elim,Elim,Elim,Elim,Elim,Elim,Elim,Elim,Elim,Elim,Elim,Elim,Elim,Elim,Elim,Elim,Elim,Elim,Elim,Elim,Elim,Elim,None,None,None,None,None,None,None,None,Elim
4,Matt,None,IN,None,Team Lose,IN,IN,None,Btm,Elim,Elim,Elim,Elim,Elim,Elim,Elim,Elim,Elim,Elim,Elim,Elim,Elim,Elim,Elim,Elim,Elim,Elim,Elim,Elim,Elim,Elim,Elim,Elim,Elim,Elim,Elim,Elim,Elim,Elim,Elim,Elim,Elim,Elim,Elim,Elim,Elim,Elim,Elim,Elim,Elim,Elim,Elim,Elim,Elim,Elim,Elim,Elim,Elim,Elim,Elim,Elim,None,None,None,None,None,None,None,None,Elim
4,Lydia,None,IN,None,Team Win,Btm,IN,None,Elim,Elim,Elim,Elim,Elim,Elim,Elim,Elim,Elim,Elim,Elim,Elim,Elim,Elim,Elim,Elim,Elim,Elim,Elim,Elim,Elim,Elim,Elim,Elim,Elim,Elim,Elim,Elim,Elim,Elim,Elim,Elim,Elim,Elim,Elim,Elim,Elim,Elim,Elim,Elim,Elim,Elim,Elim,Elim,Elim,Elim,Elim,Elim,Elim,Elim,Elim,Elim,Elim,None,None,None,None,None,None,None,None,Elim
4,Kevin,None,IN,None,Btm,Elim,Elim,Elim,Elim,Elim,Elim,Elim,Elim,Elim,Elim,Elim,Elim,Elim,Elim,Elim,Elim,Elim,Elim,Elim,Elim,Elim,Elim,Elim,Elim,Elim,Elim,Elim,Elim,Elim,Elim,Elim,Elim,Elim,Elim,Elim,Elim,Elim,Elim,Elim,Elim,Elim,Elim,Elim,Elim,Elim,Elim,Elim,Elim,Elim,Elim,Elim,Elim,Elim,Elim,Elim,Elim,None,None,None,None,None,None,None,None,Elim
5,Emma,Win,Win,None,None,IN,None,None,None,Win,None,Win,Team Win,Team 2nd,None,None,Team Lose,Team Lose,None,None,Team Win,IN,IN,None,Team Win,Btm,None,None,Team Win,IN,None,None,None,IN,None,None,Team Win,IN,None,None,Team Win,Team Win,None,None,Immune,Win,None,None,Team Win,IN,Win,None,IN,None,None,None,Win,None,None,None,None,None,None,None,None,None,None,None,None,Winner
5,Lynton,IN,IN,None,None,IN,None,None,None,Win,None,Lose,Team Win,Team 2nd,None,None,Team Win,Team Win,None,None,Team Lose,IN,IN,None,Team Win,IN,None,None,Team Win,Btm,None,None,None,IN,None,None,Team Lose,IN,None,None,Team Win,Btm,None,None,Team Win,Btm,None,None,Team Win,IN,IN,None,IN,None,None,None,Lose,None,None,None,None,None,None,None,None,None,None,None,None,Runner-Up
5,Samira,Btm,IN,None,None,IN,None,None,None,IN,None,None,Team Lose,Team 3rd,None,None,Team Win,Team Lose,None,None,Team Win,IN,Win,None,Team Lose,Btm,None,None,Btm,Elim,Elim,Elim,Elim,IN,None,None,Team Win,IN,None,None,Team Lose,Team Lose,None,None,Team Lose,Lose,None,None,Team Lose,Win,IN,None,Btm,Elim,Elim,Elim,Elim,None,None,None,None,None,None,None,None,None,None,None,None,Top 5
5,Rishi,IN,IN,None,None,IN,None,None,None,Win,None,Lose,Team Lose,Team Win,None,None,Team Lose,Team Lose,None,None,Btm,IN,IN,None,Team Win,Btm,None,None,Team Lose,Win,None,Win,None,Immune,None,None,Team Win,IN,None,Lose,Team Lose,Team Lose,None,None,Team Win,Lose,None,None,Team Lose,Btm,IN,None,Btm,Elim,Elim,Elim,Elim,None,None,None,None,None,None,None,None,None,None,None,None,Top 5
5,Christina,IN,IN,None,None,Win,None,None,None,Win,None,None,Btm,Team 3rd,None,None,Team Lose,Team Win,None,None,Btm,IN,IN,None,Team Win,IN,None,None,Team Lose,IN,None,None,None,IN,None,None,Btm,IN,None,Lose,Team Win,Btm,None,None,Team Win,Lose,None,None,Team Win,Btm,Elim,Elim,Elim,Elim,Elim,Elim,Elim,None,None,None,None,None,None,None,None,None,None,None,None,Top 5
5,Lucy,IN,IN,None,None,IN,None,None,None,IN,Win,None,Team Win,Team Win,None,None,Team Win,Team Win,None,None,Team Lose,Btm,IN,None,Team Lose,Btm,None,None,Team Win,IN,None,None,None,IN,None,None,Team Lose,IN,None,None,Team Win,Team Lose,None,None,Btm,Btm,None,None,Btm,Elim,Elim,Elim,Elim,Elim,Elim,Elim,Elim,None,None,None,None,None,None,None,None,None,None,None,None,Elim
5,Kelty,Btm,IN,None,None,IN,None,None,None,Win,None,Lose,Team Win,Team Lose,None,None,Team Win,Team Lose,None,None,Team Win,Btm,IN,None,Team Lose,IN,None,None,Btm,IN,None,None,None,IN,None,None,Team Win,IN,None,None,Team Lose,Team Lose,None,None,Team Win,Btm,None,None,Elim,Elim,Elim,Elim,Elim,Elim,Elim,Elim,Elim,None,None,None,None,None,None,None,None,None,None,None,None,Elim
5,Daniel,IN,IN,None,None,Btm,None,None,None,IN,None,None,Team Win,Team 2nd,None,None,Team Win,Team Lose,None,None,Team Win,Btm,IN,None,Team Win,Btm,None,None,Team Win,IN,None,None,None,IN,None,None,Team Lose,IN,None,Lose,Team Win,Team Win,None,None,Btm,Elim,Elim,Elim,Elim,Elim,Elim,Elim,Elim,Elim,Elim,Elim,Elim,None,None,None,None,None,None,None,None,None,None,None,None,Elim
5,Noelene,IN,IN,None,None,Btm,None,None,None,IN,None,None,Team Win,Team 3rd,None,None,Team Lose,Team Win,None,None,Team Lose,IN,IN,None,Team Lose,IN,None,None,Btm,IN,None,None,None,Btm,None,None,Team Win,IN,None,None,Btm,Elim,Elim,Elim,Elim,Elim,Elim,Elim,Elim,Elim,Elim,Elim,Elim,Elim,Elim,Elim,Elim,None,None,None,None,None,None,None,None,None,None,None,None,Elim
5,Vern,IN,IN,None,None,IN,None,None,None,IN,None,None,Team Lose,Btm,None,None,Team Win,Win,None,Lose,Team Lose,IN,IN,None,Team Win,IN,None,None,Team Lose,Btm,None,None,None,Btm,None,None,Btm,Elim,Elim,Elim,Elim,Elim,Elim,Elim,Elim,Elim,Elim,Elim,Elim,Elim,Elim,Elim,Elim,Elim,Elim,Elim,Elim,None,None,None,None,None,None,None,None,None,None,None,None,Elim
5,Neha,Btm,IN,None,None,IN,None,None,None,Win,None,Lose,Team Win,Team Win,None,None,Btm,Team Win,None,None,Team Win,IN,IN,None,Team Lose,IN,None,None,Team Win,Btm,None,None,None,Btm,Elim,Elim,Elim,Elim,Elim,Elim,Elim,Elim,Elim,Elim,Elim,Elim,Elim,Elim,Elim,Elim,Elim,Elim,Elim,Elim,Elim,Elim,Elim,None,None,None,None,None,None,None,None,None,None,None,None,Elim
5,Jules,IN,IN,None,None,IN,None,None,None,IN,None,None,Team Win,None,None,None,Team Lose,Team Lose,None,None,Team Win,IN,IN,None,Team Lose,Btm,Elim,Elim,Elim,Elim,Elim,Elim,Elim,Elim,Elim,Elim,Elim,Elim,Elim,Elim,Elim,Elim,Elim,Elim,Elim,Elim,Elim,Elim,Elim,Elim,Elim,Elim,Elim,Elim,Elim,Elim,Elim,None,None,None,None,None,None,None,None,None,None,None,None,Elim
5,Liliana,IN,IN,None,None,IN,None,None,None,IN,None,None,Team Lose,Team 3rd,None,None,Team Win,Team Lose,None,None,Team Win,IN,Win,None,Btm,Elim,Elim,Elim,Elim,Elim,Elim,Elim,Elim,Elim,Elim,Elim,Elim,Elim,Elim,Elim,Elim,Elim,Elim,Elim,Elim,Elim,Elim,Elim,Elim,Elim,Elim,Elim,Elim,Elim,Elim,Elim,Elim,None,None,None,None,None,None,None,None,None,None,None,None,Elim
5,Pip,IN,IN,None,None,IN,None,None,None,IN,None,None,Team Win,Team Win,None,None,Team Lose,Team Lose,None,None,Team Lose,Btm,Elim,Elim,Elim,Elim,Elim,Elim,Elim,Elim,Elim,Elim,Elim,Elim,Elim,Elim,Elim,Elim,Elim,Elim,Elim,Elim,Elim,Elim,Elim,Elim,Elim,Elim,Elim,Elim,Elim,Elim,Elim,Elim,Elim,Elim,Elim,None,None,None,None,None,None,None,None,None,None,None,None,Elim
5,Totem,IN,IN,None,None,IN,None,None,None,IN,None,None,Team Lose,Team Lose,None,None,Team Win,Team Win,None,None,Btm,Elim,Elim,Elim,Elim,Elim,Elim,Elim,Elim,Elim,Elim,Elim,Elim,Elim,Elim,Elim,Elim,Elim,Elim,Elim,Elim,Elim,Elim,Elim,Elim,Elim,Elim,Elim,Elim,Elim,Elim,Elim,Elim,Elim,Elim,Elim,Elim,None,None,None,None,None,None,None,None,None,None,None,None,Elim
5,Faiza,IN,IN,None,None,IN,None,None,None,IN,None,None,Team Lose,Team 2nd,None,None,Btm,Elim,Elim,Elim,Elim,Elim,Elim,Elim,Elim,Elim,Elim,Elim,Elim,Elim,Elim,Elim,Elim,Elim,Elim,Elim,Elim,Elim,Elim,Elim,Elim,Elim,Elim,Elim,Elim,Elim,Elim,Elim,Elim,Elim,Elim,Elim,Elim,Elim,Elim,Elim,Elim,None,None,None,None,None,None,None,None,None,None,None,None,Elim
5,Nicky,Btm,IN,None,None,Btm,None,None,None,IN,None,None,Team Lose,Btm,None,None,Elim,Elim,Elim,Elim,Elim,Elim,Elim,Elim,Elim,Elim,Elim,Elim,Elim,Elim,Elim,Elim,Elim,Elim,Elim,Elim,Elim,Elim,Elim,Elim,Elim,Elim,Elim,Elim,Elim,Elim,Elim,Elim,Elim,Elim,Elim,Elim,Elim,Elim,Elim,Elim,Elim,None,None,None,None,None,None,None,None,None,None,None,None,Elim
5,Andrew,IN,IN,None,None,Btm,None,None,None,IN,None,None,Btm,Elim,None,None,Elim,Elim,Elim,Elim,Elim,Elim,Elim,Elim,Elim,Elim,Elim,Elim,Elim,Elim,Elim,Elim,Elim,Elim,Elim,Elim,Elim,Elim,Elim,Elim,Elim,Elim,Elim,Elim,Elim,Elim,Elim,Elim,Elim,Elim,Elim,Elim,Elim,Elim,Elim,Elim,Elim,None,None,None,None,None,None,None,None,None,None,None,None,Elim
5,Clarissa,IN,IN,None,None,Btm,None,None,None,IN,None,None,Btm,Elim,Elim,Elim,Elim,Elim,Elim,Elim,Elim,Elim,Elim,Elim,Elim,Elim,Elim,Elim,Elim,Elim,Elim,Elim,Elim,Elim,Elim,Elim,Elim,Elim,Elim,Elim,Elim,Elim,Elim,Elim,Elim,Elim,Elim,Elim,Elim,Elim,Elim,Elim,Elim,Elim,Elim,Elim,Elim,None,None,None,None,None,None,None,None,None,None,None,None,Elim
5,Xavier,IN,IN,None,None,Btm,Elim,Elim,Elim,Elim,Elim,Elim,Elim,Elim,Elim,Elim,Elim,Elim,Elim,Elim,Elim,Elim,Elim,Elim,Elim,Elim,Elim,Elim,Elim,Elim,Elim,Elim,Elim,Elim,Elim,Elim,Elim,Elim,Elim,Elim,Elim,Elim,Elim,Elim,Elim,Elim,Elim,Elim,Elim,Elim,Elim,Elim,Elim,Elim,Elim,Elim,Elim,None,None,None,None,None,None,None,None,None,None,None,None,Elim
5,Michael,Btm,IN,None,None,Btm,Elim,Elim,Elim,Elim,Elim,Elim,Elim,Elim,Elim,Elim,Elim,Elim,Elim,Elim,Elim,Elim,Elim,Elim,Elim,Elim,Elim,Elim,Elim,Elim,Elim,Elim,Elim,Elim,Elim,Elim,Elim,Elim,Elim,Elim,Elim,Elim,Elim,Elim,Elim,Elim,Elim,Elim,Elim,Elim,Elim,Elim,Elim,Elim,Elim,Elim,Elim,None,None,None,None,None,None,None,None,None,None,None,None,Elim
5,Dan,Btm,Elim,Elim,Elim,Elim,Elim,Elim,Elim,Elim,Elim,Elim,Elim,Elim,Elim,Elim,Elim,Elim,Elim,Elim,Elim,Elim,Elim,Elim,Elim,Elim,Elim,Elim,Elim,Elim,Elim,Elim,Elim,Elim,Elim,Elim,Elim,Elim,Elim,Elim,Elim,Elim,Elim,Elim,Elim,Elim,Elim,Elim,Elim,Elim,Elim,Elim,Elim,Elim,Elim,Elim,Elim,None,None,None,None,None,None,None,None,None,None,None,None,Elim
6,Brent,Btm,IN,None,None,IN,IN,None,Btm,IN,IN,None,Btm,IN,IN,None,Btm,IN,IN,None,Team Lose,IN,IN,None,None,IN,IN,None,Btm,IN,IN,None,Team Win,Btm,Win,None,Team Lose,IN,IN,None,Team Lose,None,None,None,Btm,None,Win,None,Btm,None,None,None,Btm,None,None,None,Top,None,None,None,Win,None,None,None,None,None,None,None,None,Winner
6,Laura,IN,IN,None,None,IN,IN,None,Team Lose,IN,IN,None,Team Win,IN,IN,None,Team Win,IN,IN,None,Team 2nd,Btm,IN,None,Team Win,Win,Win,Win,Immune,Btm,IN,None,Team Lose,IN,IN,None,Team Lose,IN,IN,None,Team Win,None,None,None,IN,None,Btm,None,IN,None,None,None,Win,None,None,None,Top,None,None,None,Lose,None,None,None,None,None,None,None,None,Runner-Up
6,Emelia,IN,IN,None,None,IN,IN,None,Team Win,IN,IN,None,Team Lose,IN,Win,None,Team Win,IN,Win,None,Team 3rd,IN,IN,None,Team Lose,IN,IN,None,Team Lose,IN,IN,None,Team Win,IN,IN,None,Team Win,Btm,IN,None,Team 2nd,None,None,None,IN,None,Win,None,IN,None,None,None,Btm,None,None,None,Btm,Elim,Elim,Elim,Elim,None,None,None,None,None,None,None,None,Top 5
6,Jamie,IN,IN,None,None,Btm,IN,None,Team Win,IN,IN,None,Btm,Btm,IN,None,Team Win,IN,IN,None,Team 3rd,IN,IN,None,Team Lose,IN,IN,None,Team Win,IN,IN,None,Team Win,Btm,IN,None,Team Win,IN,IN,None,Team Win,None,None,None,IN,None,Btm,None,IN,None,None,None,Btm,Elim,Elim,Elim,Elim,Elim,Elim,Elim,Elim,None,None,None,None,None,None,None,None,Top 5
6,Tracy,IN,IN,None,None,IN,IN,None,Btm,Win,Win,Lose,Team Lose,IN,IN,None,Team Win,IN,IN,None,Team Win,IN,IN,None,Btm,IN,IN,None,Team Win,IN,Win,None,None,IN,IN,Win,Team Win,Immune,IN,None,Team Lose,None,None,None,Btm,None,Win,None,Btm,Elim,Elim,Elim,Elim,Elim,Elim,Elim,Elim,Elim,Elim,Elim,Elim,None,None,None,None,None,None,None,None,Top 5
6,Ben,IN,IN,None,None,IN,IN,None,Team Win,IN,IN,None,Team Lose,IN,IN,None,Team Win,Btm,IN,None,Team Lose,IN,Win,None,Team Win,IN,IN,None,Team Win,IN,IN,None,Team Lose,Btm,IN,None,Team Win,IN,IN,None,Team Lose,None,None,None,Btm,None,Btm,Elim,Elim,Elim,Elim,Elim,Elim,Elim,Elim,Elim,Elim,Elim,Elim,Elim,Elim,None,None,None,None,None,None,None,None,Elim
6,Amy,IN,IN,None,None,IN,IN,None,Team Lose,IN,IN,None,Team Win,IN,IN,None,Team Lose,IN,IN,None,Team 2nd,Win,IN,Lose,Team Win,Btm,IN,None,Team Win,Btm,IN,None,Team Win,IN,IN,None,Team Lose,Win,Win,Lose,Team 2nd,None,None,None,Btm,None,Elim,Elim,Elim,Elim,Elim,Elim,Elim,Elim,Elim,Elim,Elim,Elim,Elim,Elim,Elim,None,None,None,None,None,None,None,None,Elim
6,Renae,IN,IN,None,None,IN,IN,None,Team Win,IN,IN,None,Team Win,IN,IN,None,Team Win,IN,IN,None,Team 3rd,IN,IN,None,Team Win,IN,IN,None,Team Win,Btm,IN,None,Team Win,IN,IN,None,Btm,Btm,IN,None,Btm,Elim,Elim,Elim,Elim,Elim,Elim,Elim,Elim,Elim,Elim,Elim,Elim,Elim,Elim,Elim,Elim,Elim,Elim,Elim,Elim,None,None,None,None,None,None,None,None,Elim
6,Sarah,IN,IN,None,None,Win,IN,None,Team Win,Btm,IN,None,Team Win,IN,IN,None,Team Win,Btm,IN,None,Team Win,IN,IN,None,Btm,Elim,Elim,Elim,Elim,Elim,IN,None,Team Lose,IN,IN,None,Team Win,Btm,Elim,Elim,Elim,Elim,Elim,Elim,Elim,Elim,Elim,Elim,Elim,Elim,Elim,Elim,Elim,Elim,Elim,Elim,Elim,Elim,Elim,Elim,Elim,None,None,None,None,None,None,None,None,Elim
6,Colin,IN,IN,None,None,IN,IN,None,Team Win,IN,IN,None,Team Win,IN,IN,None,Team Lose,IN,IN,None,Team 3rd,IN,IN,None,Btm,IN,IN,None,Team Lose,IN,IN,None,Team Lose,Btm,IN,None,Btm,Elim,Elim,Elim,Elim,Elim,Elim,Elim,Elim,Elim,Elim,Elim,Elim,Elim,Elim,Elim,Elim,Elim,Elim,Elim,Elim,Elim,Elim,Elim,Elim,None,None,None,None,None,None,None,None,Elim
6,Kira,IN,IN,None,None,IN,Win,None,Team Win,IN,IN,None,Team Win,IN,IN,None,Btm,IN,IN,None,Team Win,IN,IN,None,Team Win,IN,IN,None,Team Lose,IN,IN,None,Team Lose,Btm,Elim,Elim,Elim,Elim,Elim,Elim,Elim,Elim,Elim,Elim,Elim,Elim,Elim,Elim,Elim,Elim,Elim,Elim,Elim,Elim,Elim,Elim,Elim,Elim,Elim,Elim,Elim,None,None,None,None,None,None,None,None,Elim
6,Georgia,IN,IN,None,None,IN,IN,None,Team Win,IN,IN,None,Btm,IN,IN,None,Team Lose,IN,IN,None,Team 2nd,IN,IN,None,Team Win,IN,IN,None,Team Win,Btm,Elim,Elim,Elim,Elim,Elim,Elim,Elim,Elim,Elim,Elim,Elim,Elim,Elim,Elim,Elim,Elim,Elim,Elim,Elim,Elim,Elim,Elim,Elim,Elim,Elim,Elim,Elim,Elim,Elim,Elim,Elim,None,None,None,None,None,None,None,None,Elim
6,Tash,IN,IN,None,None,IN,IN,None,Team Lose,IN,IN,None,Team Win,Win,IN,Lose,Team Lose,IN,IN,None,Team Lose,IN,IN,None,Team Win,Btm,IN,None,Btm,Elim,Elim,Elim,Elim,Elim,Elim,Elim,Elim,Elim,Elim,Elim,Elim,Elim,Elim,Elim,Elim,Elim,Elim,Elim,Elim,Elim,Elim,Elim,Elim,Elim,Elim,Elim,Elim,Elim,Elim,Elim,Elim,None,None,None,None,None,None,None,None,Elim
6,Byron,IN,IN,None,None,IN,IN,None,Btm,IN,IN,None,Team Win,IN,IN,None,Team Win,Btm,IN,None,Team 2nd,Btm,IN,None,Team Lose,Btm,Elim,Elim,Elim,Elim,Elim,Elim,Elim,Elim,Elim,Elim,Elim,Elim,Elim,Elim,Elim,Elim,Elim,Elim,Elim,Elim,Elim,Elim,Elim,Elim,Elim,Elim,Elim,Elim,Elim,Elim,Elim,Elim,Elim,Elim,Elim,None,None,None,None,None,None,None,None,Elim
6,Sam,IN,IN,None,None,IN,IN,None,Team Win,IN,IN,None,Team Lose,IN,IN,None,Team Lose,IN,IN,None,Team Win,Btm,Elim,Elim,Elim,Elim,Elim,Elim,Elim,Elim,Elim,Elim,Elim,Elim,Elim,Elim,Elim,Elim,Elim,Elim,Elim,Elim,Elim,Elim,Elim,Elim,Elim,Elim,Elim,Elim,Elim,Elim,Elim,Elim,Elim,Elim,Elim,Elim,Elim,Elim,Elim,None,None,None,None,None,None,None,None,Elim
6,Rachael,Btm,IN,None,None,IN,IN,None,Team Lose,IN,IN,None,Team Win,IN,IN,None,Team Lose,Win,IN,Lose,Btm,Elim,Elim,Elim,Elim,Elim,Elim,Elim,Elim,Elim,Elim,Elim,Elim,Elim,Elim,Elim,Elim,Elim,Elim,Elim,Elim,Elim,Elim,Elim,Elim,Elim,Elim,Elim,Elim,Elim,Elim,Elim,Elim,Elim,Elim,Elim,Elim,Elim,Elim,Elim,Elim,None,None,None,None,None,None,None,None,Elim
6,Steven,Btm,IN,None,None,IN,IN,None,Btm,IN,IN,None,Btm,Btm,IN,None,Team Win,Btm,Elim,Elim,Elim,Elim,Elim,Elim,Elim,Elim,Elim,Elim,Elim,Elim,Elim,Elim,Elim,Elim,Elim,Elim,Elim,Elim,Elim,Elim,Elim,Elim,Elim,Elim,Elim,Elim,Elim,Elim,Elim,Elim,Elim,Elim,Elim,Elim,Elim,Elim,Elim,Elim,Elim,Elim,Elim,None,None,None,None,None,None,None,None,Elim
6,Sean,IN,IN,None,None,IN,IN,None,Team Win,Btm,IN,None,Btm,IN,IN,None,Btm,Elim,Elim,Elim,Elim,Elim,Elim,Elim,Elim,Elim,Elim,Elim,Elim,Elim,Elim,Elim,Elim,Elim,Elim,Elim,Elim,Elim,Elim,Elim,Elim,Elim,Elim,Elim,Elim,Elim,Elim,Elim,Elim,Elim,Elim,Elim,Elim,Elim,Elim,Elim,Elim,Elim,Elim,Elim,Elim,None,None,None,None,None,None,None,None,Elim
6,Scott,IN,IN,None,None,None,IN,None,Btm,IN,IN,None,Team Win,Btm,Elim,Elim,Elim,Elim,Elim,Elim,Elim,Elim,Elim,Elim,Elim,Elim,Elim,Elim,Elim,Elim,Elim,Elim,Elim,Elim,Elim,Elim,Elim,Elim,Elim,Elim,Elim,Elim,Elim,Elim,Elim,Elim,Elim,Elim,Elim,Elim,Elim,Elim,Elim,Elim,Elim,Elim,Elim,Elim,Elim,Elim,Elim,None,None,None,None,None,None,None,None,Elim
6,Emily,IN,IN,None,None,IN,IN,None,Team Lose,IN,IN,None,Btm,Elim,Elim,Elim,Elim,Elim,Elim,Elim,Elim,Elim,Elim,Elim,Elim,Elim,Elim,Elim,Elim,Elim,Elim,Elim,Elim,Elim,Elim,Elim,Elim,Elim,Elim,Elim,Elim,Elim,Elim,Elim,Elim,Elim,Elim,Elim,Elim,Elim,Elim,Elim,Elim,Elim,Elim,Elim,Elim,Elim,Elim,Elim,Elim,None,None,None,None,None,None,None,None,Elim
6,Nick,IN,Win,None,None,Btm,IN,None,Team Win,Btm,Elim,Elim,Elim,Elim,Elim,Elim,Elim,Elim,Elim,Elim,Elim,Elim,Elim,Elim,Elim,Elim,Elim,Elim,Elim,Elim,Elim,Elim,Elim,Elim,Elim,Elim,Elim,Elim,Elim,Elim,Elim,Elim,Elim,Elim,Elim,Elim,Elim,Elim,Elim,Elim,Elim,Elim,Elim,Elim,Elim,Elim,Elim,Elim,Elim,Elim,Elim,None,None,None,None,None,None,None,None,Elim
6,Nicole,IN,IN,None,None,IN,IN,None,Btm,Elim,Elim,Elim,Elim,Elim,Elim,Elim,Elim,Elim,Elim,Elim,Elim,Elim,Elim,Elim,Elim,Elim,Elim,Elim,Elim,Elim,Elim,Elim,Elim,Elim,Elim,Elim,Elim,Elim,Elim,Elim,Elim,Elim,Elim,Elim,Elim,Elim,Elim,Elim,Elim,Elim,Elim,Elim,Elim,Elim,Elim,Elim,Elim,Elim,Elim,Elim,Elim,None,None,None,None,None,None,None,None,Elim
6,Deepali,Btm,IN,None,None,Btm,Elim,Elim,Elim,Elim,Elim,Elim,Elim,Elim,Elim,Elim,Elim,Elim,Elim,Elim,Elim,Elim,Elim,Elim,Elim,Elim,Elim,Elim,Elim,Elim,Elim,Elim,Elim,Elim,Elim,Elim,Elim,Elim,Elim,Elim,Elim,Elim,Elim,Elim,Elim,Elim,Elim,Elim,Elim,Elim,Elim,Elim,Elim,Elim,Elim,Elim,Elim,Elim,Elim,Elim,Elim,None,None,None,None,None,None,None,None,Elim
6,Brendan,Btm,Elim,Elim,Elim,Elim,Elim,Elim,Elim,Elim,Elim,Elim,Elim,Elim,Elim,Elim,Elim,Elim,Elim,Elim,Elim,Elim,Elim,Elim,Elim,Elim,Elim,Elim,Elim,Elim,Elim,Elim,Elim,Elim,Elim,Elim,Elim,Elim,Elim,Elim,Elim,Elim,Elim,Elim,Elim,Elim,Elim,Elim,Elim,Elim,Elim,Elim,Elim,Elim,Elim,Elim,Elim,Elim,Elim,Elim,Elim,None,None,None,None,None,None,None,None,Elim
7,Billie,None,IN,None,Team Win,IN,IN,None,Team Win,IN,IN,None,Team Win,IN,IN,None,Team Lose,IN,IN,None,Team Win,Btm,IN,None,Btm,Win,IN,Win,Team Win,IN,IN,None,Immune,IN,IN,None,Team Lose,Btm,Win,None,IN,Btm,None,None,IN,IN,IN,None,Btm,None,None,None,IN,None,None,None,Win,None,None,None,None,None,None,None,None,None,None,None,None,Winner
7,Georgia,None,IN,None,Btm,Btm,Win,None,Team Lose,Win,IN,Lose,Team Lose,IN,IN,None,Team Win,IN,IN,None,Team Lose,IN,IN,None,Team Lose,IN,IN,None,Team Lose,Btm,IN,None,Team Win,IN,IN,None,Team Lose,IN,IN,None,Btm,IN,None,Lose,IN,IN,IN,None,Win,None,None,None,IN,None,None,None,Lose,None,None,None,None,None,None,None,None,None,None,None,None,Runner-Up
7,Jessica,None,Win,None,Btm,IN,IN,None,Team Win,IN,IN,None,Team Win,IN,IN,None,Team Win,IN,IN,None,Team Lose,Win,IN,Lose,Team Win,IN,IN,None,Team Win,IN,IN,None,Team Win,IN,IN,None,Team Win,Btm,IN,None,IN,IN,None,None,Btm,Btm,IN,None,Btm,None,None,None,Btm,Elim,Elim,Elim,Elim,None,None,None,None,None,None,None,None,None,None,None,None,Top 5
7,Reynold,None,IN,None,Team Lose,IN,IN,None,Team Win,IN,IN,None,Team Win,IN,IN,None,Team Win,IN,IN,None,Team Win,IN,IN,None,Team Win,IN,IN,None,Team Win,IN,IN,None,Team Win,Btm,IN,None,Team Win,IN,IN,Lose,Btm,Btm,None,None,Btm,Btm,IN,None,Btm,Elim,Elim,Elim,Elim,Elim,Elim,Elim,Elim,None,None,None,None,None,None,None,None,None,None,None,None,Top 5
7,Sara,None,Win,None,Team 2nd,IN,IN,None,Btm,IN,IN,None,Team Win,IN,IN,None,Team Win,IN,IN,None,Team Lose,IN,IN,None,Team Win,IN,IN,None,Team Lose,IN,Win,None,Btm,IN,IN,None,Team Win,IN,IN,None,IN,IN,None,None,Btm,Btm,Win,None,Elim,Elim,Elim,Elim,Elim,Elim,Elim,Elim,Elim,None,None,None,None,None,None,None,None,None,None,None,None,Top 5
7,Matthew,None,IN,None,Team Win,IN,IN,None,Team Lose,IN,IN,None,Team 2nd,IN,IN,None,Team Win,IN,IN,None,Team Win,IN,IN,None,Team Lose,Btm,IN,None,Btm,IN,IN,None,Team Lose,Btm,IN,None,Team Lose,Btm,IN,None,IN,Btm,None,None,Btm,Elim,Elim,Elim,Elim,Elim,Elim,Elim,Elim,Elim,Elim,Elim,Elim,None,None,None,None,None,None,None,None,None,None,None,None,Elim
7,Jessie,None,IN,None,Team 2nd,IN,IN,None,Team Win,IN,IN,None,Team Win,IN,IN,None,Team Win,IN,IN,None,Team Lose,IN,IN,None,Team Win,IN,Win,None,Team Win,IN,IN,None,Btm,Win,IN,Lose,Btm,IN,IN,Lose,Btm,Elim,Elim,Elim,Elim,Elim,Elim,Elim,Elim,Elim,Elim,Elim,Elim,Elim,Elim,Elim,Elim,None,None,None,None,None,None,None,None,None,None,None,None,Elim
7,Ashleigh,None,IN,None,Btm,Win,IN,Lose,Team Lose,IN,Win,None,Team Win,IN,IN,None,Btm,Btm,IN,None,Team Win,Btm,IN,None,Btm,IN,IN,None,Team Win,Win,IN,Win,Team Win,IN,IN,None,Immune,Btm,Elim,Elim,Elim,Elim,Elim,Elim,Elim,Elim,Elim,Elim,Elim,Elim,Elim,Elim,Elim,Elim,Elim,Elim,Elim,None,None,None,None,None,None,None,None,None,None,None,None,Elim
7,Amy,None,IN,None,Team Lose,IN,IN,None,Btm,IN,IN,None,Team Lose,IN,IN,None,Team Win,IN,IN,None,Team Win,IN,IN,None,Team Win,Btm,IN,None,Team Win,Btm,IN,None,Team Win,IN,IN,None,Btm,Elim,Elim,Elim,Elim,Elim,Elim,Elim,Elim,Elim,Elim,Elim,Elim,Elim,Elim,Elim,Elim,Elim,Elim,Elim,Elim,None,None,None,None,None,None,None,None,None,None,None,None,Elim
7,Rose,None,IN,None,Team 2nd,Btm,IN,None,Btm,IN,IN,None,Team Win,Win,IN,None,Btm,Btm,IN,None,Team Win,IN,IN,None,Team Win,IN,IN,None,Team Lose,IN,IN,None,Team Lose,Btm,Win,Elim,Elim,Elim,Elim,Elim,Elim,Elim,Elim,Elim,Elim,Elim,Elim,Elim,Elim,Elim,Elim,Elim,Elim,Elim,Elim,Elim,Elim,None,None,None,None,None,None,None,None,None,None,None,None,Elim
7,Stephen,None,IN,None,Team 2nd,IN,IN,None,Team Win,IN,IN,None,Team 2nd,IN,IN,None,Btm,IN,IN,None,Team Lose,IN,IN,None,Btm,Btm,IN,None,Team Lose,Btm,Elim,Elim,Elim,Elim,Elim,Elim,Elim,Elim,Elim,Elim,Elim,Elim,Elim,Elim,Elim,Elim,Elim,Elim,Elim,Elim,Elim,Elim,Elim,Elim,Elim,Elim,Elim,None,None,None,None,None,None,None,None,None,None,None,None,Elim
7,John,None,Win,None,Team Win,IN,IN,None,Team Lose,Btm,IN,None,Team Lose,IN,IN,Lose,Team Win,IN,Win,None,Team Lose,IN,Win,None,Team Win,IN,IN,None,Btm,Elim,Elim,Elim,Elim,Elim,Elim,Elim,Elim,Elim,Elim,Elim,Elim,Elim,Elim,Elim,Elim,Elim,Elim,Elim,Elim,Elim,Elim,Elim,Elim,Elim,Elim,Elim,Elim,None,None,None,None,None,None,None,None,None,None,None,None,Elim
7,Jamie,None,IN,None,Team 2nd,Btm,IN,None,Team Win,IN,IN,None,Team 2nd,Btm,IN,None,Team Lose,IN,IN,None,Team Win,IN,IN,None,Btm,Btm,Elim,Elim,Elim,Elim,Elim,Elim,Elim,Elim,Elim,Elim,Elim,Elim,Elim,Elim,Elim,Elim,Elim,Elim,Elim,Elim,Elim,Elim,Elim,Elim,Elim,Elim,Elim,Elim,Elim,Elim,Elim,None,None,None,None,None,None,None,None,None,None,None,None,Elim
7,Jacqui,None,IN,None,Team Win,IN,IN,None,Team Lose,Btm,IN,None,Team 2nd,Btm,IN,None,Btm,IN,IN,None,Btm,IN,IN,None,Btm,Elim,Elim,Elim,Elim,Elim,Elim,Elim,Elim,Elim,Elim,Elim,Elim,Elim,Elim,Elim,Elim,Elim,Elim,Elim,Elim,Elim,Elim,Elim,Elim,Elim,Elim,Elim,Elim,Elim,Elim,Elim,Elim,None,None,None,None,None,None,None,None,None,None,None,None,Elim
7,Anna,None,IN,None,Team 2nd,IN,IN,None,Team Lose,IN,IN,None,Team Win,IN,IN,None,Team Lose,Win,IN,Lose,Team Win,Btm,Elim,Elim,Elim,Elim,Elim,Elim,Elim,Elim,Elim,Elim,Elim,Elim,Elim,Elim,Elim,Elim,Elim,Elim,Elim,Elim,Elim,Elim,Elim,Elim,Elim,Elim,Elim,Elim,Elim,Elim,Elim,Elim,Elim,Elim,Elim,None,None,None,None,None,None,None,None,None,None,None,None,Elim
7,Ava,None,IN,None,Team Win,IN,IN,None,Team Win,IN,IN,None,Team 3rd,IN,IN,None,Btm,IN,IN,None,Btm,Elim,Elim,Elim,Elim,Elim,Elim,Elim,Elim,Elim,Elim,Elim,Elim,Elim,Elim,Elim,Elim,Elim,Elim,Elim,Elim,Elim,Elim,Elim,Elim,Elim,Elim,Elim,Elim,Elim,Elim,Elim,Elim,Elim,Elim,Elim,Elim,None,None,None,None,None,None,None,None,None,None,None,None,Elim
7,Kristina,None,IN,None,Team Lose,IN,IN,None,Team Win,IN,IN,None,Team Win,IN,IN,None,Team Win,Btm,Elim,Elim,Elim,Elim,Elim,Elim,Elim,Elim,Elim,Elim,Elim,Elim,Elim,Elim,Elim,Elim,Elim,Elim,Elim,Elim,Elim,Elim,Elim,Elim,Elim,Elim,Elim,Elim,Elim,Elim,Elim,Elim,Elim,Elim,Elim,Elim,Elim,Elim,Elim,None,None,None,None,None,None,None,None,None,None,None,None,Elim
7,Melita,None,IN,None,Team Win,IN,IN,None,Team Lose,IN,IN,None,Team Win,IN,Win,None,Btm,Elim,Elim,Elim,Elim,Elim,Elim,Elim,Elim,Elim,Elim,Elim,Elim,Elim,Elim,Elim,Elim,Elim,Elim,Elim,Elim,Elim,Elim,Elim,Elim,Elim,Elim,Elim,Elim,Elim,Elim,Elim,Elim,Elim,Elim,Elim,Elim,Elim,Elim,Elim,Elim,None,None,None,None,None,None,None,None,None,None,None,None,Elim
7,Fiona,None,IN,None,Team Win,IN,IN,None,Team Win,IN,IN,None,Btm,Btm,Elim,Elim,Elim,Elim,Elim,Elim,Elim,Elim,Elim,Elim,Elim,Elim,Elim,Elim,Elim,Elim,Elim,Elim,Elim,Elim,Elim,Elim,Elim,Elim,Elim,Elim,Elim,Elim,Elim,Elim,Elim,Elim,Elim,Elim,Elim,Elim,Elim,Elim,Elim,Elim,Elim,Elim,Elim,None,None,None,None,None,None,None,None,None,None,None,None,Elim
7,Jarrod,None,IN,None,Team 2nd,IN,IN,None,Team Win,IN,IN,None,Btm,Elim,Elim,Elim,Elim,Elim,Elim,Elim,Elim,Elim,Elim,Elim,Elim,Elim,Elim,Elim,Elim,Elim,Elim,Elim,Elim,Elim,Elim,Elim,Elim,Elim,Elim,Elim,Elim,Elim,Elim,Elim,Elim,Elim,Elim,Elim,Elim,Elim,Elim,Elim,Elim,Elim,Elim,Elim,Elim,None,None,None,None,None,None,None,None,None,None,None,None,Elim
7,Andrea,None,IN,None,Team Win,None,IN,None,Team Win,Btm,Elim,Elim,Elim,Elim,Elim,Elim,Elim,Elim,Elim,Elim,Elim,Elim,Elim,Elim,Elim,Elim,Elim,Elim,Elim,Elim,Elim,Elim,Elim,Elim,Elim,Elim,Elim,Elim,Elim,Elim,Elim,Elim,Elim,Elim,Elim,Elim,Elim,Elim,Elim,Elim,Elim,Elim,Elim,Elim,Elim,Elim,Elim,None,None,None,None,None,None,None,None,None,None,None,None,Elim
7,Kha,None,IN,None,Btm,IN,IN,None,Btm,Elim,Elim,Elim,Elim,Elim,Elim,Elim,Elim,Elim,Elim,Elim,Elim,Elim,Elim,Elim,Elim,Elim,Elim,Elim,Elim,Elim,Elim,Elim,Elim,Elim,Elim,Elim,Elim,Elim,Elim,Elim,Elim,Elim,Elim,Elim,Elim,Elim,Elim,Elim,Elim,Elim,Elim,Elim,Elim,Elim,Elim,Elim,Elim,None,None,None,None,None,None,None,None,None,None,None,None,Elim
7,James,None,IN,None,Team 2nd,Btm,Elim,Elim,Elim,Elim,Elim,Elim,Elim,Elim,Elim,Elim,Elim,Elim,Elim,Elim,Elim,Elim,Elim,Elim,Elim,Elim,Elim,Elim,Elim,Elim,Elim,Elim,Elim,Elim,Elim,Elim,Elim,Elim,Elim,Elim,Elim,Elim,Elim,Elim,Elim,Elim,Elim,Elim,Elim,Elim,Elim,Elim,Elim,Elim,Elim,Elim,Elim,None,None,None,None,None,None,None,None,None,None,None,None,Elim
7,Marcus,None,IN,None,Btm,Elim,Elim,Elim,Elim,Elim,Elim,Elim,Elim,Elim,Elim,Elim,Elim,Elim,Elim,Elim,Elim,Elim,Elim,Elim,Elim,Elim,Elim,Elim,Elim,Elim,Elim,Elim,Elim,Elim,Elim,Elim,Elim,Elim,Elim,Elim,Elim,Elim,Elim,Elim,Elim,Elim,Elim,Elim,Elim,Elim,Elim,Elim,Elim,Elim,Elim,Elim,Elim,None,None,None,None,None,None,None,None,None,None,None,None,Elim
8,Elena,None,IN,None,None,IN,IN,None,Team Win,IN,IN,None,Team Win,IN,IN,None,Team Win,IN,IN,None,Team Win,IN,IN,None,Team Lose,Btm,IN,None,Team Win,IN,Win,None,Team Win,None,None,None,IN,IN,IN,None,Team Lose,Win,IN,Win,None,IN,IN,None,IN,None,Win,None,Win,None,None,None,Top,None,None,None,Win,None,None,None,None,None,None,None,None,Winner
8,Matt,None,IN,None,None,IN,IN,None,Btm,IN,IN,None,Team Win,IN,IN,None,Btm,IN,IN,Win,Immune,IN,IN,None,Team Lose,IN,IN,None,Team Win,IN,IN,Lose,Team Lose,None,None,None,Btm,IN,IN,None,Btm,IN,Win,None,Team Win,Btm,IN,None,IN,None,IN,None,Btm,None,None,None,Top,None,None,None,Lose,None,None,None,None,None,None,None,None,Runner-Up
8,Harry,None,IN,None,None,IN,IN,None,Btm,IN,IN,None,Team Win,Win,IN,Lose,Team 2nd,IN,IN,None,Team Win,Btm,IN,None,Team Lose,IN,IN,None,Team Win,IN,IN,None,Team Win,None,None,None,IN,IN,IN,None,Team 2nd,IN,IN,None,Btm,IN,Win,None,Btm,None,IN,None,Btm,None,None,None,Btm,Elim,Elim,Elim,Elim,None,None,None,None,None,None,None,None,Top 5
8,Elise,None,IN,None,None,IN,IN,None,Team Win,IN,IN,None,Team Lose,IN,IN,None,Team Lose,IN,IN,None,Btm,Btm,IN,None,Team Win,IN,Win,None,Team Lose,IN,IN,None,Btm,None,None,None,IN,IN,IN,None,Team Win,IN,IN,None,Team Win,IN,IN,None,Btm,None,IN,None,Btm,None,None,None,Elim,Elim,Elim,Elim,Elim,None,None,None,None,None,None,None,None,Top 5
8,Mimi,None,IN,None,None,IN,IN,None,Team Win,IN,IN,None,Team Win,IN,IN,None,Team Lose,IN,IN,None,Btm,IN,IN,None,Btm,IN,IN,None,Team Win,IN,IN,None,Team Lose,None,None,None,IN,Btm,IN,None,Team Lose,IN,IN,None,Team Lose,Btm,IN,None,Btm,Elim,Elim,Elim,Elim,Elim,Elim,Elim,Elim,Elim,Elim,Elim,Elim,None,None,None,None,None,None,None,None,Top 5
8,Trent,None,IN,None,None,IN,IN,None,Team Lose,IN,IN,None,Team Win,IN,IN,None,Team 2nd,IN,IN,None,Team Win,IN,IN,None,Team Win,IN,IN,None,Team Lose,IN,IN,None,Team Lose,None,None,None,IN,Btm,IN,None,Team Win,IN,IN,None,Team Win,Btm,Elim,Elim,Elim,Elim,Elim,Elim,Elim,Elim,Elim,Elim,Elim,Elim,Elim,Elim,Elim,None,None,None,None,None,None,None,None,Elim
8,Brett,None,IN,None,None,IN,IN,None,Team Win,IN,IN,None,Team Win,IN,IN,None,Team Lose,Btm,IN,None,Team Win,IN,IN,None,Team Win,IN,IN,None,Team Win,IN,IN,None,Team Win,None,None,None,IN,Win,Win,Lose,Team 2nd,IN,IN,None,Btm,Elim,Elim,Elim,Elim,Elim,Elim,Elim,Elim,Elim,Elim,Elim,Elim,Elim,Elim,Elim,Elim,None,None,None,None,None,None,None,None,Elim
8,Chloe,None,IN,None,None,IN,IN,None,Team Win,Btm,IN,None,Team Lose,Btm,IN,None,Team Win,Win,Win,Win,Team Win,Win,IN,Lose,Immune,IN,IN,None,Btm,Btm,IN,None,Team Win,None,None,None,Btm,IN,IN,None,Btm,Elim,Elim,Elim,Elim,Elim,Elim,Elim,Elim,Elim,Elim,Elim,Elim,Elim,Elim,Elim,Elim,Elim,Elim,Elim,Elim,None,None,None,None,None,None,None,None,Elim
8,Theresa,None,IN,None,None,IN,IN,None,Team Win,IN,IN,None,Btm,IN,IN,None,Team 2nd,Btm,Elim,Elim,Elim,Elim,Elim,Elim,Elim,Elim,Elim,Elim,Team Win,Btm,IN,None,Team Win,None,None,None,IN,Btm,Elim,Elim,Elim,Elim,Elim,Elim,Elim,Elim,Elim,Elim,Elim,Elim,Elim,Elim,Elim,Elim,Elim,Elim,Elim,Elim,Elim,Elim,Elim,None,None,None,None,None,None,None,None,Elim
8,Heather,None,IN,None,None,IN,IN,None,Team Win,IN,IN,None,Team Lose,IN,Win,None,Team Win,IN,IN,None,Btm,IN,IN,None,Team Win,IN,IN,None,Team Win,Btm,IN,None,Team Win,None,None,None,Btm,Elim,Elim,Elim,Elim,Elim,Elim,Elim,Elim,Elim,Elim,Elim,Elim,Elim,Elim,Elim,Elim,Elim,Elim,Elim,Elim,Elim,Elim,Elim,Elim,None,None,None,None,None,None,None,None,Elim
8,Karmen,None,IN,None,None,IN,IN,None,Team Win,Btm,IN,None,Team Lose,IN,IN,None,Team Win,IN,IN,None,Team Win,IN,IN,None,Team Win,IN,IN,None,Team Win,IN,IN,None,Btm,Elim,Elim,Elim,Elim,Elim,Elim,Elim,Elim,Elim,Elim,Elim,Elim,Elim,Elim,Elim,Elim,Elim,Elim,Elim,Elim,Elim,Elim,Elim,Elim,Elim,Elim,Elim,Elim,None,None,None,None,None,None,None,None,Elim
8,Anastasia,None,IN,None,None,IN,IN,None,Team Lose,Win,IN,None,Team Win,IN,IN,None,Team 2nd,IN,IN,None,Team Lose,IN,IN,None,Team Win,Win,IN,None,Btm,Btm,Elim,Elim,Elim,Elim,Elim,Elim,Elim,Elim,Elim,Elim,Elim,Elim,Elim,Elim,Elim,Elim,Elim,Elim,Elim,Elim,Elim,Elim,Elim,Elim,Elim,Elim,Elim,Elim,Elim,Elim,Elim,None,None,None,None,None,None,None,None,Elim
8,Nicolette,None,IN,None,None,IN,IN,None,Team Lose,IN,IN,Win,Team Win,IN,IN,None,Team Win,IN,IN,None,Team Win,Immune,IN,None,Team Win,IN,IN,None,Btm,Elim,Elim,Elim,Elim,Elim,Elim,Elim,Elim,Elim,Elim,Elim,Elim,Elim,Elim,Elim,Elim,Elim,Elim,Elim,Elim,Elim,Elim,Elim,Elim,Elim,Elim,Elim,Elim,Elim,Elim,Elim,Elim,None,None,None,None,None,None,None,None,Elim
8,Zoe,None,IN,None,None,Win,IN,Lose,Team Lose,IN,IN,None,Team Win,IN,IN,None,Team Win,IN,IN,None,Team Lose,IN,Win,None,Btm,Btm,Elim,Elim,Elim,Elim,Elim,Elim,Elim,Elim,Elim,Elim,Elim,Elim,Elim,Elim,Elim,Elim,Elim,Elim,Elim,Elim,Elim,Elim,Elim,Elim,Elim,Elim,Elim,Elim,Elim,Elim,Elim,Elim,Elim,Elim,Elim,None,None,None,None,None,None,None,None,Elim
8,Miles,None,IN,None,None,IN,IN,None,Team Lose,IN,IN,None,Btm,Btm,IN,None,Team 2nd,IN,IN,None,Team Win,IN,IN,None,Btm,Elim,Elim,Elim,Elim,Elim,Elim,Elim,Elim,Elim,Elim,Elim,Elim,Elim,Elim,Elim,Elim,Elim,Elim,Elim,Elim,Elim,Elim,Elim,Elim,Elim,Elim,Elim,Elim,Elim,Elim,Elim,Elim,Elim,Elim,Elim,Elim,None,None,None,None,None,None,None,None,Elim
8,Charlie,None,Btm,None,None,IN,Win,None,Team Win,IN,IN,None,Team Lose,IN,IN,None,Btm,Btm,IN,None,Team Lose,Btm,Elim,Elim,Elim,Elim,Elim,Elim,Elim,Elim,Elim,Elim,Elim,Elim,Elim,Elim,Elim,Elim,Elim,Elim,Elim,Elim,Elim,Elim,Elim,Elim,Elim,Elim,Elim,Elim,Elim,Elim,Elim,Elim,Elim,Elim,Elim,Elim,Elim,Elim,Elim,None,None,None,None,None,None,None,None,Elim
8,Cecilia,None,IN,None,None,Btm,IN,None,Btm,IN,IN,None,Team Win,IN,IN,None,Team 2nd,IN,IN,None,Btm,Elim,Elim,Elim,Elim,Elim,Elim,Elim,Elim,Elim,Elim,Elim,Elim,Elim,Elim,Elim,Elim,Elim,Elim,Elim,Elim,Elim,Elim,Elim,Elim,Elim,Elim,Elim,Elim,Elim,Elim,Elim,Elim,Elim,Elim,Elim,Elim,Elim,Elim,Elim,Elim,None,None,None,None,None,None,None,None,Elim
8,Con,None,IN,None,None,Btm,IN,None,Team Lose,IN,IN,None,Team Lose,IN,IN,None,Btm,Elim,Elim,Elim,Elim,Elim,Elim,Elim,Elim,Elim,Elim,Elim,Elim,Elim,Elim,Elim,Elim,Elim,Elim,Elim,Elim,Elim,Elim,Elim,Elim,Elim,Elim,Elim,Elim,Elim,Elim,Elim,Elim,Elim,Elim,Elim,Elim,Elim,Elim,Elim,Elim,Elim,Elim,Elim,Elim,None,None,None,None,None,None,None,None,Elim
8,Jimmy,None,IN,None,None,IN,IN,None,Team Win,IN,IN,None,Team Lose,Btm,Elim,Elim,Elim,Elim,Elim,Elim,Elim,Elim,Elim,Elim,Elim,Elim,Elim,Elim,Elim,Elim,Elim,Elim,Elim,Elim,Elim,Elim,Elim,Elim,Elim,Elim,Elim,Elim,Elim,Elim,Elim,Elim,Elim,Elim,Elim,Elim,Elim,Elim,Elim,Elim,Elim,Elim,Elim,Elim,Elim,Elim,Elim,None,None,None,None,None,None,None,None,Elim
8,Nidhi,None,IN,None,None,IN,IN,None,Team Win,IN,IN,None,Btm,Elim,Elim,Elim,Elim,Elim,Elim,Elim,Elim,Elim,Elim,Elim,Elim,Elim,Elim,Elim,Elim,Elim,Elim,Elim,Elim,Elim,Elim,Elim,Elim,Elim,Elim,Elim,Elim,Elim,Elim,Elim,Elim,Elim,Elim,Elim,Elim,Elim,Elim,Elim,Elim,Elim,Elim,Elim,Elim,Elim,Elim,Elim,Elim,None,None,None,None,None,None,None,None,Elim
8,Olivia,None,IN,None,None,IN,IN,None,Team Lose,Btm,Elim,Elim,Elim,Elim,Elim,Elim,Elim,Elim,Elim,Elim,Elim,Elim,Elim,Elim,Elim,Elim,Elim,Elim,Elim,Elim,Elim,Elim,Elim,Elim,Elim,Elim,Elim,Elim,Elim,Elim,Elim,Elim,Elim,Elim,Elim,Elim,Elim,Elim,Elim,Elim,Elim,Elim,Elim,Elim,Elim,Elim,Elim,Elim,Elim,Elim,Elim,None,None,None,None,None,None,None,None,Elim
8,Adam,None,IN,None,None,IN,IN,None,Btm,Elim,Elim,Elim,Elim,Elim,Elim,Elim,Elim,Elim,Elim,Elim,Elim,Elim,Elim,Elim,Elim,Elim,Elim,Elim,Elim,Elim,Elim,Elim,Elim,Elim,Elim,Elim,Elim,Elim,Elim,Elim,Elim,Elim,Elim,Elim,Elim,Elim,Elim,Elim,Elim,Elim,Elim,Elim,Elim,Elim,Elim,Elim,Elim,Elim,Elim,Elim,Elim,None,None,None,None,None,None,None,None,Elim
8,Nathaniel,None,IN,None,None,Btm,Elim,Elim,Elim,Elim,Elim,Elim,Elim,Elim,Elim,Elim,Elim,Elim,Elim,Elim,Elim,Elim,Elim,Elim,Elim,Elim,Elim,Elim,Elim,Elim,Elim,Elim,Elim,Elim,Elim,Elim,Elim,Elim,Elim,Elim,Elim,Elim,Elim,Elim,Elim,Elim,Elim,Elim,Elim,Elim,Elim,Elim,Elim,Elim,Elim,Elim,Elim,Elim,Elim,Elim,Elim,None,None,None,None,None,None,None,None,Elim
8,Ashley,None,Btm,Elim,Elim,Elim,Elim,Elim,Elim,Elim,Elim,Elim,Elim,Elim,Elim,Elim,Elim,Elim,Elim,Elim,Elim,Elim,Elim,Elim,Elim,Elim,Elim,Elim,Elim,Elim,Elim,Elim,Elim,Elim,Elim,Elim,Elim,Elim,Elim,Elim,Elim,Elim,Elim,Elim,Elim,Elim,Elim,Elim,Elim,Elim,Elim,Elim,Elim,Elim,Elim,Elim,Elim,Elim,Elim,Elim,Elim,None,None,None,None,None,None,None,None,Elim
9,Diana,None,IN,None,None,IN,IN,None,Team Win,IN,IN,None,Team Win,IN,IN,Lose,Team Win,IN,IN,None,Team Win,IN,IN,None,Team Lose,IN,IN,None,Team Win,IN,Win,None,None,IN,IN,None,Team Lose,IN,Win,None,Team Win,Btm,IN,None,IN,Btm,IN,None,IN,None,None,None,Btm,None,None,None,Top,None,None,None,Win,None,None,None,None,None,None,None,None,Winner
9,Ben,None,IN,None,None,IN,IN,None,Team Win,IN,IN,None,Team Lose,IN,IN,None,Team Win,IN,IN,None,Team Lose,IN,IN,None,Team Win,IN,IN,None,Team Lose,IN,IN,None,None,IN,IN,None,Team 3rd,IN,IN,None,Team 2nd,Btm,IN,None,IN,IN,Win,None,Btm,None,None,None,Win,None,None,None,Top,None,None,None,Lose,None,None,None,None,None,None,None,None,Runner-Up
9,Karlie,None,IN,None,None,IN,IN,None,Team Win,IN,IN,None,Team 3rd,IN,IN,None,Team Win,IN,Win,None,Btm,Win,Win,Lose,Team Lose,IN,IN,None,Team Win,IN,IN,None,None,IN,IN,None,Team 3rd,IN,IN,None,Team Win,IN,IN,None,Btm,Btm,IN,None,IN,None,None,None,Btm,None,None,None,Lose,Elim,Elim,Elim,Elim,None,None,None,None,None,None,None,None,Top 5
9,Tamara,None,IN,None,None,IN,IN,None,Team Lose,IN,IN,None,Team 3rd,IN,IN,None,Btm,Win,IN,Lose,Team 2nd,IN,IN,None,Btm,Btm,IN,None,Team Lose,IN,IN,None,None,IN,Win,None,Team Win,IN,IN,None,Team Lose,IN,IN,None,Btm,IN,IN,None,IN,None,None,None,Btm,Elim,Elim,Elim,Elim,Elim,Elim,Elim,Elim,None,None,None,None,None,None,None,None,Top 5
9,Arum,None,IN,None,None,IN,IN,None,Team Lose,IN,IN,None,Team Lose,IN,IN,None,Team Win,IN,IN,None,Team 2nd,IN,IN,None,Btm,Btm,IN,None,Team Lose,IN,IN,None,None,Btm,IN,None,Team 2nd,IN,IN,None,Team 2nd,Win,Win,Win,Win,IN,IN,None,Btm,Elim,Elim,Elim,Elim,Elim,Elim,Elim,Elim,Elim,Elim,Elim,Elim,None,None,None,None,None,None,None,None,Top 5
9,Sarah,None,IN,None,None,Win,IN,Lose,Team Win,IN,IN,None,Team 3rd,IN,IN,None,Team Win,IN,IN,None,Team 2nd,IN,IN,None,Team Lose,IN,IN,None,Team Win,IN,IN,None,None,IN,IN,Lose,Team Win,Win,IN,Win,Team Lose,IN,IN,None,Immune,Btm,Elim,Elim,Elim,Elim,Elim,Elim,Elim,Elim,Elim,Elim,Elim,Elim,Elim,Elim,Elim,None,None,None,None,None,None,None,None,Elim
9,Eliza,None,IN,None,None,IN,IN,None,Team Win,IN,IN,None,Team Win,IN,IN,None,Team Win,IN,IN,None,Team Win,IN,IN,None,Team Win,IN,IN,None,Team Win,IN,IN,None,None,IN,IN,None,Team 2nd,IN,IN,None,Team 2nd,IN,IN,None,Btm,Elim,Elim,Elim,Elim,Elim,Elim,Elim,Elim,Elim,Elim,Elim,Elim,Elim,Elim,Elim,Elim,None,None,None,None,None,None,None,None,Elim
9,Eloise,None,IN,None,None,Btm,Win,None,Team Lose,Win,IN,Win,Team Win,IN,IN,None,Immune,IN,IN,None,Team 2nd,Btm,IN,None,Team Win,IN,IN,None,Immune,IN,IN,None,None,IN,IN,None,Team Lose,IN,IN,None,Team Win,Btm,Elim,Elim,Elim,Elim,Elim,Elim,Elim,Elim,Elim,Elim,Elim,Elim,Elim,Elim,Elim,Elim,Elim,Elim,Elim,None,None,None,None,None,None,None,None,Elim
9,Callan,None,IN,None,None,IN,IN,None,Team Win,IN,IN,None,Team Win,IN,IN,Lose,Team Lose,IN,IN,None,Btm,IN,IN,None,Team Win,IN,IN,None,Team Win,IN,IN,None,None,Btm,IN,None,Btm,IN,IN,None,Btm,Elim,Elim,Elim,Elim,Elim,Elim,Elim,Elim,Elim,Elim,Elim,Elim,Elim,Elim,Elim,Elim,Elim,Elim,Elim,Elim,None,None,None,None,None,None,None,None,Elim
9,Sam,None,IN,None,None,IN,IN,None,Team Lose,IN,IN,None,Team Win,IN,IN,Lose,Team Win,Btm,IN,None,Team Win,IN,IN,None,Team Lose,Btm,Win,None,Team Lose,Btm,IN,None,None,IN,IN,None,Btm,Elim,Elim,Elim,Elim,Elim,Elim,Elim,Elim,Elim,Elim,Elim,Elim,Elim,Elim,Elim,Elim,Elim,Elim,Elim,Elim,Elim,Elim,Elim,Elim,None,None,None,None,None,None,None,None,Elim
9,Nicole,None,IN,None,None,IN,IN,None,Team Lose,IN,IN,None,Team Lose,IN,IN,None,Team Lose,IN,IN,None,Team Lose,IN,IN,None,Team Win,IN,IN,None,Team Win,Btm,IN,None,None,Btm,Elim,Elim,Elim,Elim,Elim,Elim,Elim,Elim,Elim,Elim,Elim,Elim,Elim,Elim,Elim,Elim,Elim,Elim,Elim,Elim,Elim,Elim,Elim,Elim,Elim,Elim,Elim,None,None,None,None,None,None,None,None,Elim
9,Michelle,None,IN,None,None,IN,IN,None,Btm,IN,IN,None,Team 3rd,IN,IN,None,Team Lose,IN,IN,None,Team Lose,IN,IN,None,Team Win,IN,IN,None,Team Lose,Btm,Elim,Elim,Elim,Elim,Elim,Elim,Elim,Elim,Elim,Elim,Elim,Elim,Elim,Elim,Elim,Elim,Elim,Elim,Elim,Elim,Elim,Elim,Elim,Elim,Elim,Elim,Elim,Elim,Elim,Elim,Elim,None,None,None,None,None,None,None,None,Elim
9,Ray,None,IN,None,None,Btm,IN,None,Team Win,Btm,Win,None,Team Win,IN,IN,None,Btm,IN,IN,None,Team Win,Btm,IN,None,Team Win,Btm,IN,None,Btm,Elim,Elim,Elim,Elim,Elim,Elim,Elim,Elim,Elim,Elim,Elim,Elim,Elim,Elim,Elim,Elim,Elim,Elim,Elim,Elim,Elim,Elim,Elim,Elim,Elim,Elim,Elim,Elim,Elim,Elim,Elim,Elim,None,None,None,None,None,None,None,None,Elim
9,Samuel,None,IN,None,None,IN,IN,None,Team Lose,IN,IN,None,Team Win,Btm,IN,None,Team Lose,IN,IN,None,Btm,IN,IN,None,Btm,Elim,Elim,Elim,Elim,Elim,Elim,Elim,Elim,Elim,Elim,Elim,Elim,Elim,Elim,Elim,Elim,Elim,Elim,Elim,Elim,Elim,Elim,Elim,Elim,Elim,Elim,Elim,Elim,Elim,Elim,Elim,Elim,Elim,Elim,Elim,Elim,None,None,None,None,None,None,None,None,Elim
9,Pete,None,IN,None,None,Btm,IN,None,Team Win,Btm,IN,None,Team Lose,IN,Win,None,Team Win,IN,IN,None,Btm,Btm,Elim,Elim,Elim,Elim,Elim,Elim,Elim,Elim,Elim,Elim,Elim,Elim,Elim,Elim,Elim,Elim,Elim,Elim,Elim,Elim,Elim,Elim,Elim,Elim,Elim,Elim,Elim,Elim,Elim,Elim,Elim,Elim,Elim,Elim,Elim,Elim,Elim,Elim,Elim,None,None,None,None,None,None,None,None,Elim
9,Jess,None,IN,None,None,IN,IN,None,Btm,IN,IN,None,Team 3rd,IN,IN,None,Team Lose,Btm,IN,None,Btm,Elim,Elim,Elim,Elim,Elim,Elim,Elim,Elim,Elim,Elim,Elim,Elim,Elim,Elim,Elim,Elim,Elim,Elim,Elim,Elim,Elim,Elim,Elim,Elim,Elim,Elim,Elim,Elim,Elim,Elim,Elim,Elim,Elim,Elim,Elim,Elim,Elim,Elim,Elim,Elim,None,None,None,None,None,None,None,None,Elim
9,Trent,None,IN,None,None,IN,IN,None,Team Win,IN,IN,None,Team Win,Btm,IN,None,Team Win,Btm,Elim,Elim,Elim,Elim,Elim,Elim,Elim,Elim,Elim,Elim,Elim,Elim,Elim,Elim,Elim,Elim,Elim,Elim,Elim,Elim,Elim,Elim,Elim,Elim,Elim,Elim,Elim,Elim,Elim,Elim,Elim,Elim,Elim,Elim,Elim,Elim,Elim,Elim,Elim,Elim,Elim,Elim,Elim,None,None,None,None,None,None,None,None,Elim
9,Benjamin,None,Btm,None,None,IN,IN,None,Btm,IN,IN,None,Team Win,IN,IN,None,Btm,Elim,Elim,Elim,Elim,Elim,Elim,Elim,Elim,Elim,Elim,Elim,Elim,Elim,Elim,Elim,Elim,Elim,Elim,Elim,Elim,Elim,Elim,Elim,Elim,Elim,Elim,Elim,Elim,Elim,Elim,Elim,Elim,Elim,Elim,Elim,Elim,Elim,Elim,Elim,Elim,Elim,Elim,Elim,Elim,None,None,None,None,None,None,None,None,Elim
9,Bryan,None,IN,None,None,IN,IN,None,Team Win,IN,IN,None,Team Win,Btm,Elim,Elim,Elim,Elim,Elim,Elim,Elim,Elim,Elim,Elim,Elim,Elim,Elim,Elim,Elim,Elim,Elim,Elim,Elim,Elim,Elim,Elim,Elim,Elim,Elim,Elim,Elim,Elim,Elim,Elim,Elim,Elim,Elim,Elim,Elim,Elim,Elim,Elim,Elim,Elim,Elim,Elim,Elim,Elim,Elim,Elim,Elim,None,None,None,None,None,None,None,None,Elim
9,Benita,None,Btm,None,None,IN,IN,None,Team Win,IN,IN,None,Btm,Elim,Elim,Elim,Elim,Elim,Elim,Elim,Elim,Elim,Elim,Elim,Elim,Elim,Elim,Elim,Elim,Elim,Elim,Elim,Elim,Elim,Elim,Elim,Elim,Elim,Elim,Elim,Elim,Elim,Elim,Elim,Elim,Elim,Elim,Elim,Elim,Elim,Elim,Elim,Elim,Elim,Elim,Elim,Elim,Elim,Elim,Elim,Elim,None,None,None,None,None,None,None,None,Elim
9,Pia,None,IN,None,None,IN,IN,None,Team Lose,Btm,Elim,Elim,Elim,Elim,Elim,Elim,Elim,Elim,Elim,Elim,Elim,Elim,Elim,Elim,Elim,Elim,Elim,Elim,Elim,Elim,Elim,Elim,Elim,Elim,Elim,Elim,Elim,Elim,Elim,Elim,Elim,Elim,Elim,Elim,Elim,Elim,Elim,Elim,Elim,Elim,Elim,Elim,Elim,Elim,Elim,Elim,Elim,Elim,Elim,Elim,Elim,None,None,None,None,None,None,None,None,Elim
9,Josh,None,IN,None,None,IN,IN,None,Btm,Elim,Elim,Elim,Elim,Elim,Elim,Elim,Elim,Elim,Elim,Elim,Elim,Elim,Elim,Elim,Elim,Elim,Elim,Elim,Elim,Elim,Elim,Elim,Elim,Elim,Elim,Elim,Elim,Elim,Elim,Elim,Elim,Elim,Elim,Elim,Elim,Elim,Elim,Elim,Elim,Elim,Elim,Elim,Elim,Elim,Elim,Elim,Elim,Elim,Elim,Elim,Elim,None,None,None,None,None,None,None,None,Elim
9,Lee,None,Btm,None,None,Btm,Elim,Elim,Elim,Elim,Elim,Elim,Elim,Elim,Elim,Elim,Elim,Elim,Elim,Elim,Elim,Elim,Elim,Elim,Elim,Elim,Elim,Elim,Elim,Elim,Elim,Elim,Elim,Elim,Elim,Elim,Elim,Elim,Elim,Elim,Elim,Elim,Elim,Elim,Elim,Elim,Elim,Elim,Elim,Elim,Elim,Elim,Elim,Elim,Elim,Elim,Elim,Elim,Elim,Elim,Elim,None,None,None,None,None,None,None,None,Elim
9,Rashedul,None,Btm,Elim,Elim,Elim,Elim,Elim,Elim,Elim,Elim,Elim,Elim,Elim,Elim,Elim,Elim,Elim,Elim,Elim,Elim,Elim,Elim,Elim,Elim,Elim,Elim,Elim,Elim,Elim,Elim,Elim,Elim,Elim,Elim,Elim,Elim,Elim,Elim,Elim,Elim,Elim,Elim,Elim,Elim,Elim,Elim,Elim,Elim,Elim,Elim,Elim,Elim,Elim,Elim,Elim,Elim,Elim,Elim,Elim,Elim,None,None,None,None,None,None,None,None,Elim
10,Sashi,None,None,None,IN,IN,Win,None,Team Win,IN,IN,None,Team Lose,IN,Win,Win,Team Win,IN,IN,None,Team Win,IN,IN,None,Team Win,Win,IN,Win,Team Win,Immune,IN,None,Team Win,IN,IN,None,Immune,None,None,None,Btm,IN,Win,None,Win,Btm,IN,None,Btm,None,None,None,IN,None,None,None,Win,None,None,None,None,None,None,None,None,None,None,None,None,Winner
10,Ben,None,None,None,IN,IN,IN,None,Team Win,IN,IN,None,Team Win,Btm,IN,None,Team Lose,IN,IN,None,Team Lose,Btm,IN,None,Team Lose,IN,IN,None,Btm,IN,Win,None,Btm,IN,IN,None,Team Lose,None,None,None,IN,Btm,IN,None,Btm,IN,Win,None,Btm,None,None,None,IN,None,None,None,Lose,None,None,None,None,None,None,None,None,None,None,None,None,Runner-Up
10,Khanh,None,None,None,IN,IN,IN,IN,Team Win,IN,IN,None,Btm,IN,IN,None,Team Win,IN,IN,None,Team Lose,IN,Win,Win,Immune,IN,IN,None,Team Win,IN,IN,None,Team Lose,IN,Win,Lose,Team Win,None,None,None,IN,Win,IN,Lose,IN,Win,IN,Lose,Win,None,None,None,Btm,Elim,Elim,Elim,Elim,None,None,None,None,None,None,None,None,None,None,None,None,Top 5
10,Jess,None,None,None,Btm,IN,IN,None,Team Win,IN,IN,None,Team Win,IN,IN,None,Team Win,Win,IN,Lose,Btm,IN,IN,None,Btm,IN,IN,None,Team Lose,Btm,IN,None,Team Win,Btm,IN,None,Btm,None,None,None,IN,Btm,IN,None,Btm,Btm,IN,None,Btm,Elim,Elim,Elim,Elim,Elim,Elim,Elim,Elim,None,None,None,None,None,None,None,None,None,None,None,None,Top 5
10,Chloe,None,None,None,IN,Win,IN,Lose,Team Win,Btm,IN,None,Team Win,Btm,IN,None,Btm,IN,IN,None,Btm,Btm,IN,None,Team Win,IN,IN,None,Team Lose,IN,IN,None,Team Lose,Btm,IN,None,Team Win,None,None,None,Win,Immune,IN,None,IN,Btm,Elim,Elim,Elim,Elim,Elim,Elim,Elim,Elim,Elim,Elim,Elim,None,None,None,None,None,None,None,None,None,None,None,None,Top 5
10,Reece,None,None,None,IN,IN,IN,None,Team Lose,Top,IN,None,Team Lose,Win,IN,Win,Team Win,IN,IN,None,Team Win,IN,IN,None,Team Win,IN,IN,None,Team Win,IN,Win,None,Team Win,IN,IN,None,Team Win,None,None,None,Immune,Win,IN,None,Btm,Elim,Elim,Elim,Elim,Elim,Elim,Elim,Elim,Elim,Elim,Elim,Elim,None,None,None,None,None,None,None,None,None,None,None,None,Elim
10,Samira,None,None,None,IN,Btm,IN,None,Team Win,IN,IN,None,Btm,Win,IN,Lose,Team Lose,IN,IN,None,Team Win,IN,IN,None,Team Win,IN,IN,None,Team Win,IN,IN,None,Team Lose,IN,IN,None,Team Lose,None,None,None,Btm,Btm,Elim,Elim,Elim,Elim,Elim,Elim,Elim,Elim,Elim,Elim,Elim,Elim,Elim,Elim,Elim,None,None,None,None,None,None,None,None,None,None,None,None,Elim
10,Kristen,None,None,None,IN,IN,IN,None,Team Win,IN,Win,None,Team Lose,IN,IN,None,Team Lose,IN,IN,None,Team Win,IN,IN,None,Team Win,IN,IN,None,Team Win,Win,IN,IN,Team Win,IN,IN,None,Team Lose,None,None,None,Btm,Elim,Elim,Elim,Elim,Elim,Elim,Elim,Elim,Elim,Elim,Elim,Elim,Elim,Elim,Elim,Elim,None,None,None,None,None,None,None,None,None,None,None,None,Elim
10,Brendan,None,None,None,IN,IN,IN,None,Team Lose,IN,IN,None,None,IN,IN,None,Team Win,Btm,IN,None,Btm,Elim,Elim,Elim,Elim,Elim,Elim,Elim,Elim,IN,IN,None,Team Lose,IN,IN,None,Btm,Elim,Elim,Elim,Elim,Elim,Elim,Elim,Elim,Elim,Elim,Elim,Elim,Elim,Elim,Elim,Elim,Elim,Elim,Elim,Elim,None,None,None,None,None,None,None,None,None,None,None,None,Elim
10,Sarah,None,None,None,IN,IN,IN,None,Team Win,IN,IN,None,Team Lose,IN,IN,None,Btm,IN,Win,None,Btm,IN,IN,None,Team Win,Btm,IN,None,Team Lose,Btm,IN,None,Team Win,Btm,Elim,Elim,Elim,Elim,Elim,Elim,Elim,Elim,Elim,Elim,Elim,Elim,Elim,Elim,Elim,Elim,Elim,Elim,Elim,Elim,Elim,Elim,Elim,None,None,None,None,None,None,None,None,None,None,None,None,Elim
10,Hoda,None,None,None,IN,IN,IN,None,Team Win,IN,IN,None,Btm,IN,IN,None,Team Win,IN,IN,None,Team Win,Btm,IN,None,Btm,Btm,IN,None,Team Win,IN,IN,None,Btm,Elim,Elim,Elim,Elim,Elim,Elim,Elim,Elim,Elim,Elim,Elim,Elim,Elim,Elim,Elim,Elim,Elim,Elim,Elim,Elim,Elim,Elim,Elim,Elim,None,None,None,None,None,None,None,None,None,None,None,None,Elim
10,Gina,None,None,None,IN,IN,IN,None,Team Lose,IN,IN,None,Team Win,IN,IN,None,Team Lose,IN,IN,None,Team Win,IN,IN,None,Team Win,Win,Win,None,Team Lose,Btm,Elim,Elim,Elim,Elim,Elim,Elim,Elim,Elim,Elim,Elim,Elim,Elim,Elim,Elim,Elim,Elim,Elim,Elim,Elim,Elim,Elim,Elim,Elim,Elim,Elim,Elim,Elim,None,None,None,None,None,None,None,None,None,None,None,None,Elim
10,Aldo,None,None,None,IN,IN,IN,None,Team Lose,IN,IN,None,Team Win,IN,IN,None,Team Lose,IN,IN,None,Team Lose,IN,IN,None,Btm,IN,IN,None,Btm,Elim,Elim,Elim,Elim,Elim,Elim,Elim,Elim,Elim,Elim,Elim,Elim,Elim,Elim,Elim,Elim,Elim,Elim,Elim,Elim,Elim,Elim,Elim,Elim,Elim,Elim,Elim,Elim,None,None,None,None,None,None,None,None,None,None,None,None,Elim
10,Lisa,None,None,None,IN,IN,IN,None,Team Lose,Top,IN,None,Team Lose,IN,IN,None,Team Win,Btm,IN,None,Team Win,IN,IN,None,Team Lose,Btm,Elim,Elim,Elim,Elim,Elim,Elim,Elim,Elim,Elim,Elim,Elim,Elim,Elim,Elim,Elim,Elim,Elim,Elim,Elim,Elim,Elim,Elim,Elim,Elim,Elim,Elim,Elim,Elim,Elim,Elim,Elim,None,None,None,None,None,None,None,None,None,None,None,None,Elim
10,Jenny,None,None,None,IN,IN,IN,None,Btm,Btm,IN,None,Team Win,IN,IN,None,Team Win,Btm,IN,None,Team Lose,IN,IN,None,Btm,Elim,Elim,Elim,Elim,Elim,Elim,Elim,Elim,Elim,Elim,Elim,Elim,Elim,Elim,Elim,Elim,Elim,Elim,Elim,Elim,Elim,Elim,Elim,Elim,Elim,Elim,Elim,Elim,Elim,Elim,Elim,Elim,None,None,None,None,None,None,None,None,None,None,None,None,Elim
10,Genene,None,None,None,Btm,IN,IN,None,Team Lose,IN,IN,None,Btm,IN,IN,None,Team Win,IN,IN,None,Team Win,Btm,Elim,Elim,Elim,Elim,Elim,Elim,Elim,Elim,Elim,Elim,Elim,Elim,Elim,Elim,Elim,Elim,Elim,Elim,Elim,Elim,Elim,Elim,Elim,Elim,Elim,Elim,Elim,Elim,Elim,Elim,Elim,Elim,Elim,Elim,Elim,None,None,None,None,None,None,None,None,None,None,None,None,Elim
10,Jo,None,None,None,IN,IN,IN,None,Team Lose,IN,IN,None,Team Win,IN,IN,None,Team Lose,Btm,Elim,Elim,Elim,Elim,Elim,Elim,Elim,Elim,Elim,Elim,Elim,Elim,Elim,Elim,Elim,Elim,Elim,Elim,Elim,Elim,Elim,Elim,Elim,Elim,Elim,Elim,Elim,Elim,Elim,Elim,Elim,Elim,Elim,Elim,Elim,Elim,Elim,Elim,Elim,None,None,None,None,None,None,None,None,None,None,None,None,Elim
10,Loki,None,None,None,IN,IN,IN,None,Team Win,Win,IN,Win,Team Win,IN,IN,None,Btm,Elim,Elim,Elim,Elim,Elim,Elim,Elim,Elim,Elim,Elim,Elim,Elim,Elim,Elim,Elim,Elim,Elim,Elim,Elim,Elim,Elim,Elim,Elim,Elim,Elim,Elim,Elim,Elim,Elim,Elim,Elim,Elim,Elim,Elim,Elim,Elim,Elim,Elim,Elim,Elim,None,None,None,None,None,None,None,None,None,None,None,None,Elim
10,Michelle,None,None,None,IN,Btm,IN,None,Team Win,IN,IN,None,Team Win,Btm,Elim,Elim,Elim,Elim,Elim,Elim,Elim,Elim,Elim,Elim,Elim,Elim,Elim,Elim,Elim,Elim,Elim,Elim,Elim,Elim,Elim,Elim,Elim,Elim,Elim,Elim,Elim,Elim,Elim,Elim,Elim,Elim,Elim,Elim,Elim,Elim,Elim,Elim,Elim,Elim,Elim,Elim,Elim,None,None,None,None,None,None,None,None,None,None,None,None,Elim
10,Tim,None,None,None,IN,IN,IN,None,Team Lose,IN,IN,None,Btm,Elim,Elim,Elim,Elim,Elim,Elim,Elim,Elim,Elim,Elim,Elim,Elim,Elim,Elim,Elim,Elim,Elim,Elim,Elim,Elim,Elim,Elim,Elim,Elim,Elim,Elim,Elim,Elim,Elim,Elim,Elim,Elim,Elim,Elim,Elim,Elim,Elim,Elim,Elim,Elim,Elim,Elim,Elim,Elim,None,None,None,None,None,None,None,None,None,None,None,None,Elim
10,Adele,None,None,None,IN,IN,IN,None,Btm,Btm,Elim,Elim,Elim,Elim,Elim,Elim,Elim,Elim,Elim,Elim,Elim,Elim,Elim,Elim,Elim,Elim,Elim,Elim,Elim,Elim,Elim,Elim,Elim,Elim,Elim,Elim,Elim,Elim,Elim,Elim,Elim,Elim,Elim,Elim,Elim,Elim,Elim,Elim,Elim,Elim,Elim,Elim,Elim,Elim,Elim,Elim,Elim,None,None,None,None,None,None,None,None,None,None,None,None,Elim
10,Denise,None,None,None,IN,IN,IN,None,Btm,Elim,Elim,Elim,Elim,Elim,Elim,Elim,Elim,Elim,Elim,Elim,Elim,Elim,Elim,Elim,Elim,Elim,Elim,Elim,Elim,Elim,Elim,Elim,Elim,Elim,Elim,Elim,Elim,Elim,Elim,Elim,Elim,Elim,Elim,Elim,Elim,Elim,Elim,Elim,Elim,Elim,Elim,Elim,Elim,Elim,Elim,Elim,Elim,None,None,None,None,None,None,None,None,None,None,None,None,Elim
10,Metter,None,None,None,IN,Btm,Elim,Elim,Elim,Elim,Elim,Elim,Elim,Elim,Elim,Elim,Elim,Elim,Elim,Elim,Elim,Elim,Elim,Elim,Elim,Elim,Elim,Elim,Elim,Elim,Elim,Elim,Elim,Elim,Elim,Elim,Elim,Elim,Elim,Elim,Elim,Elim,Elim,Elim,Elim,Elim,Elim,Elim,Elim,Elim,Elim,Elim,Elim,Elim,Elim,Elim,Elim,None,None,None,None,None,None,None,None,None,None,None,None,Elim
10,Brett,None,None,None,Btm,Elim,Elim,Elim,Elim,Elim,Elim,Elim,Elim,Elim,Elim,Elim,Elim,Elim,Elim,Elim,Elim,Elim,Elim,Elim,Elim,Elim,Elim,Elim,Elim,Elim,Elim,Elim,Elim,Elim,Elim,Elim,Elim,Elim,Elim,Elim,Elim,Elim,Elim,Elim,Elim,Elim,Elim,Elim,Elim,Elim,Elim,Elim,Elim,Elim,Elim,Elim,Elim,None,None,None,None,None,None,None,None,None,None,None,None,Elim
11,Larissa,IN,None,None,None,IN,IN,None,Team Lose,Btm,IN,None,Team Win,IN,Win,None,Team 2nd,IN,IN,None,Team Lose,Btm,IN,None,Team Win,IN,IN,None,Btm,Win,Win,None,Team 2nd,IN,IN,None,Team Lose,Win,IN,Win,Team Win,IN,IN,None,Immune,IN,Win,None,Win,None,None,None,IN,None,None,None,Win,None,None,None,None,None,None,None,None,None,None,None,None,Winner
11,Tessa,IN,None,None,None,Win,IN,Win,Immune,Top,IN,None,Team Win,IN,IN,None,Team 2nd,IN,IN,None,Team Win,IN,IN,None,Team Lose,Win,IN,Win,Team Win,IN,IN,None,Immune,Win,IN,Lose,Team Win,IN,IN,None,Team Lose,Win,IN,None,Team Win,Win,IN,None,Btm,None,None,None,IN,None,None,None,Btm,None,None,None,None,None,None,None,None,None,None,None,None,Runner-Up
11,Simon,IN,None,None,None,IN,IN,None,Team Lose,Win,IN,Lose,Team Win,IN,IN,None,Team Lose,IN,IN,None,Team Lose,IN,Win,None,Btm,IN,Win,None,Team Lose,Btm,IN,None,Team Lose,Win,IN,None,Team Lose,IN,IN,None,Team Lose,IN,IN,None,Team Lose,Win,IN,None,Btm,None,None,None,IN,None,None,None,Btm,None,None,None,None,None,None,None,None,None,None,None,None,Top 5
11,Tim,Win,None,Win,None,Immune,IN,None,Team Win,IN,IN,None,Team Win,IN,IN,None,Team 2nd,IN,IN,None,Team Win,Btm,Elim,Elim,Elim,Elim,IN,None,Team Win,Win,IN,Lose,Win,IN,IN,None,Team Win,Btm,IN,None,Btm,IN,IN,None,Team Win,Btm,IN,None,Btm,None,None,None,Btm,Elim,Elim,Elim,Elim,None,None,None,None,None,None,None,None,None,None,None,None,Top 5
11,Nicole,IN,None,None,None,Btm,IN,None,Team Win,IN,IN,None,Team Lose,IN,IN,None,Team Win,IN,IN,None,Team Win,IN,IN,None,Btm,Btm,IN,None,Team Win,IN,IN,None,Team Win,IN,Win,None,Team Win,IN,IN,None,Team Win,IN,IN,Win,Win,Btm,IN,None,Btm,None,None,None,Elim,Elim,Elim,Elim,Elim,None,None,None,None,None,None,None,None,None,None,None,None,Top 5
11,Anushka,IN,None,None,None,IN,IN,None,Team Lose,IN,IN,None,Team Win,IN,IN,None,Team Lose,Btm,IN,None,Team Win,Win,IN,Lose,Team Win,IN,IN,None,Team Lose,IN,IN,None,Team Lose,IN,IN,None,Btm,Btm,IN,None,Team Win,IN,Win,None,Team Win,Btm,IN,None,Elim,Elim,Elim,Elim,Elim,Elim,Elim,Elim,Elim,None,None,None,None,None,None,None,None,None,None,None,None,Elim
11,Christina,IN,None,None,None,IN,IN,None,Btm,IN,IN,None,Team Lose,IN,IN,None,Team Lose,IN,IN,None,Team Lose,IN,IN,None,Team Lose,Btm,IN,None,Btm,IN,IN,None,Team Win,IN,IN,None,Team Win,IN,IN,None,Team Win,IN,IN,None,Btm,Elim,Elim,Elim,Elim,Elim,Elim,Elim,Elim,Elim,Elim,Elim,Elim,None,None,None,None,None,None,None,None,None,None,None,None,Elim
11,Derek,IN,None,None,None,Win,IN,Lose,Team Lose,Top,IN,None,Team Lose,Btm,IN,None,Team Win,IN,Win,None,Team Win,IN,IN,None,Team Win,IN,IN,None,Team Win,Btm,IN,None,Team Lose,IN,IN,None,Team Win,IN,Win,None,Btm,Elim,Elim,Elim,Elim,Elim,Elim,Elim,Elim,Elim,Elim,Elim,Elim,Elim,Elim,Elim,Elim,None,None,None,None,None,None,None,None,None,None,None,None,Elim
11,Tati,IN,None,None,None,IN,IN,None,Team Win,IN,IN,None,Btm,Win,IN,Lose,Btm,IN,IN,None,Team Win,IN,IN,None,Team Win,IN,IN,None,Team Lose,IN,IN,None,Btm,IN,IN,None,Team Lose,Btm,Elim,Elim,Elim,Elim,Elim,Elim,Elim,Elim,Elim,Elim,Elim,Elim,Elim,Elim,Elim,Elim,Elim,Elim,Elim,None,None,None,None,None,None,None,None,None,None,None,None,Elim
11,Ben,IN,None,None,None,IN,IN,None,Team Win,IN,IN,None,Team Win,IN,IN,None,Btm,IN,IN,None,Btm,Btm,IN,None,Btm,IN,IN,None,Team Win,IN,IN,None,Team 2nd,IN,IN,None,Btm,Elim,Elim,Elim,Elim,Elim,Elim,Elim,Elim,Elim,Elim,Elim,Elim,Elim,Elim,Elim,Elim,Elim,Elim,Elim,Elim,None,None,None,None,None,None,None,None,None,None,None,None,Elim
11,Sandeep,IN,None,None,None,IN,IN,None,Team Lose,IN,IN,None,Team Win,IN,IN,None,Team 2nd,Win,IN,Win,Team Win,IN,IN,None,Team Win,IN,IN,None,Immune,IN,IN,None,Btm,Elim,Elim,Elim,Elim,Elim,Elim,Elim,Elim,Elim,Elim,Elim,Elim,Elim,Elim,Elim,Elim,Elim,Elim,Elim,Elim,Elim,Elim,Elim,Elim,None,None,None,None,None,None,None,None,None,None,None,None,Elim
11,Steph,IN,None,None,None,IN,IN,None,Team Win,Top,IN,None,Btm,IN,IN,None,Team 2nd,IN,IN,None,Team Lose,Btm,IN,None,Team Lose,IN,IN,None,Team Win,Btm,Elim,Elim,Elim,Elim,Elim,Elim,Elim,Elim,Elim,Elim,Elim,Elim,Elim,Elim,Elim,Elim,Elim,Elim,Elim,Elim,Elim,Elim,Elim,Elim,Elim,Elim,Elim,None,None,None,None,None,None,None,None,None,None,None,None,Elim
11,Abbey,IN,None,None,None,IN,Win,None,Team Win,Btm,IN,None,Btm,IN,IN,None,Team Win,IN,IN,None,Team Win,IN,IN,None,Team Win,IN,IN,None,Btm,Elim,Elim,Elim,Elim,Elim,Elim,Elim,Elim,Elim,Elim,Elim,Elim,Elim,Elim,Elim,Elim,Elim,Elim,Elim,Elim,Elim,Elim,Elim,Elim,Elim,Elim,Elim,Elim,None,None,None,None,None,None,None,None,None,None,None,None,Elim
11,Walleed,IN,None,None,None,IN,IN,None,Btm,IN,IN,None,Team Lose,IN,IN,None,Team Win,IN,IN,None,Team Lose,IN,IN,None,Team Win,Btm,Elim,Elim,Elim,Elim,Elim,Elim,Elim,Elim,Elim,Elim,Elim,Elim,Elim,Elim,Elim,Elim,Elim,Elim,Elim,Elim,Elim,Elim,Elim,Elim,Elim,Elim,Elim,Elim,Elim,Elim,Elim,None,None,None,None,None,None,None,None,None,None,None,None,Elim
11,Joe,IN,None,None,None,IN,IN,None,Team Win,IN,IN,None,Team Win,IN,IN,None,Team 2nd,IN,IN,None,Btm,IN,IN,None,Btm,Elim,Elim,Elim,Elim,Elim,Elim,Elim,Elim,Elim,Elim,Elim,Elim,Elim,Elim,Elim,Elim,Elim,Elim,Elim,Elim,Elim,Elim,Elim,Elim,Elim,Elim,Elim,Elim,Elim,Elim,Elim,Elim,None,None,None,None,None,None,None,None,None,None,None,None,Elim
11,Kyle,IN,None,None,None,IN,IN,None,Btm,IN,IN,None,Team Win,IN,IN,None,Team Win,Btm,IN,None,Btm,Elim,Elim,Elim,Elim,Elim,Elim,Elim,Elim,Elim,Elim,Elim,Elim,Elim,Elim,Elim,Elim,Elim,Elim,Elim,Elim,Elim,Elim,Elim,Elim,Elim,Elim,Elim,Elim,Elim,Elim,Elim,Elim,Elim,Elim,Elim,Elim,None,None,None,None,None,None,None,None,None,None,None,None,Elim
11,Leah,IN,None,None,None,IN,IN,None,Team Win,Btm,IN,None,Team Win,Btm,IN,None,Team Win,Btm,Elim,Elim,Elim,Elim,Elim,Elim,Elim,Elim,Elim,Elim,Elim,Elim,Elim,Elim,Elim,Elim,Elim,Elim,Elim,Elim,Elim,Elim,Elim,Elim,Elim,Elim,Elim,Elim,Elim,Elim,Elim,Elim,Elim,Elim,Elim,Elim,Elim,Elim,Elim,None,None,None,None,None,None,None,None,None,None,None,None,Elim
11,Blake,IN,None,None,None,IN,IN,None,Team Win,Top,IN,None,Team Lose,IN,IN,None,Btm,Elim,Elim,Elim,Elim,Elim,Elim,Elim,Elim,Elim,Elim,Elim,Elim,Elim,Elim,Elim,Elim,Elim,Elim,Elim,Elim,Elim,Elim,Elim,Elim,Elim,Elim,Elim,Elim,Elim,Elim,Elim,Elim,Elim,Elim,Elim,Elim,Elim,Elim,Elim,Elim,None,None,None,None,None,None,None,None,None,None,None,None,Elim
11,Jess,IN,None,None,None,IN,IN,None,Team Win,IN,Win,None,Btm,Btm,Elim,Elim,Elim,Elim,Elim,Elim,Elim,Elim,Elim,Elim,Elim,Elim,Elim,Elim,Elim,Elim,Elim,Elim,Elim,Elim,Elim,Elim,Elim,Elim,Elim,Elim,Elim,Elim,Elim,Elim,Elim,Elim,Elim,Elim,Elim,Elim,Elim,Elim,Elim,Elim,Elim,Elim,Elim,None,None,None,None,None,None,None,None,None,None,None,None,Elim
11,Mandy,IN,None,None,None,IN,IN,None,Team Win,Btm,IN,None,Btm,Elim,Elim,Elim,Elim,Elim,Elim,Elim,Elim,Elim,Elim,Elim,Elim,Elim,Elim,Elim,Elim,Elim,Elim,Elim,Elim,Elim,Elim,Elim,Elim,Elim,Elim,Elim,Elim,Elim,Elim,Elim,Elim,Elim,Elim,Elim,Elim,Elim,Elim,Elim,Elim,Elim,Elim,Elim,Elim,None,None,None,None,None,None,None,None,None,None,None,None,Elim
11,Monica,IN,None,None,None,IN,IN,None,Team Lose,Btm,Elim,Elim,Elim,Elim,Elim,Elim,Elim,Elim,Elim,Elim,Elim,Elim,Elim,Elim,Elim,Elim,Elim,Elim,Elim,Elim,Elim,Elim,Elim,Elim,Elim,Elim,Elim,Elim,Elim,Elim,Elim,Elim,Elim,Elim,Elim,Elim,Elim,Elim,Elim,Elim,Elim,Elim,Elim,Elim,Elim,Elim,Elim,None,None,None,None,None,None,None,None,None,None,None,None,Elim
11,Yossra,IN,None,None,None,Btm,IN,None,Btm,Elim,Elim,Elim,Elim,Elim,Elim,Elim,Elim,Elim,Elim,Elim,Elim,Elim,Elim,Elim,Elim,Elim,Elim,Elim,Elim,Elim,Elim,Elim,Elim,Elim,Elim,Elim,Elim,Elim,Elim,Elim,Elim,Elim,Elim,Elim,Elim,Elim,Elim,Elim,Elim,Elim,Elim,Elim,Elim,Elim,Elim,Elim,Elim,None,None,None,None,None,None,None,None,None,None,None,None,Elim
11,Dee,IN,None,None,None,Btm,Elim,Elim,Elim,Elim,Elim,Elim,Elim,Elim,Elim,Elim,Elim,Elim,Elim,Elim,Elim,Elim,Elim,Elim,Elim,Elim,Elim,Elim,Elim,Elim,Elim,Elim,Elim,Elim,Elim,Elim,Elim,Elim,Elim,Elim,Elim,Elim,Elim,Elim,Elim,Elim,Elim,Elim,Elim,Elim,Elim,Elim,Elim,Elim,Elim,Elim,Elim,None,None,None,None,None,None,None,None,None,None,None,None,Elim
11,Huda,IN,None,None,None,Btm,Elim,Elim,Elim,Elim,Elim,Elim,Elim,Elim,Elim,Elim,Elim,Elim,Elim,Elim,Elim,Elim,Elim,Elim,Elim,Elim,Elim,Elim,Elim,Elim,Elim,Elim,Elim,Elim,Elim,Elim,Elim,Elim,Elim,Elim,Elim,Elim,Elim,Elim,Elim,Elim,Elim,Elim,Elim,Elim,Elim,Elim,Elim,Elim,Elim,Elim,Elim,None,None,None,None,None,None,None,None,None,None,None,None,Elim
